{
  "id": "0x299159ad160b55af",
  "base64": "data:image/png;base64,iVBORw0KGgoAAAANSUhEUgAAABAAAAAQCAIAAACQkWg2AAAACXBIWXMAAAsSAAALEgHS3X78AAAC60lEQVQozyXR6VLaABAA4LyXU1HEIwgeaNWiVSEkyCFoWhIoJHgSIIAKFhkJigcKYi0EtbaeSJxKCrTT1qO26qs0tjPfzuwxu38W4LjPZ2dnp6dH+fwJx51zF9zFxVNwHFd4qrl8oZAv5M8Lwuji8rIIfNjPvd9eTydj79JLuezG3u7WP+kcu8VmUyybyrLJTCaRzSSE5tHhPpBOxmMLnvAsEQkS8Si1ukTHGe9y1MtE3NEItSTkS/QyQ8UZ98bqXHZnDViJBWcobMqhmSbUfsoYcJu8U0ZqXD/p0E6SWtplmqXROdoc8o0uBh2ptXmACdMUabCNdFlN7U7shRNX2tFuzPR8VNf2St9OYL0up9rjHPSNQyHPyDrjA5iQ22VHbIZWi7bRapTjBrlFJ0O1MhMEmmEpPqwQrkxg3S6bMjCui4cpYPkt5XPATqPciohxrcQCCxosWhBFpKNIM6prwYwKXN9KmDrcb+BocBJIRDwhJ+wyywhEZINElsFqTF1rRRqxISmqbTZqZDqVDOlrGla1kKg67J8AkgwdHkfc5mYSrrZD1biwoKrBNfUWBByGQHVfU7eivr1ZrFSAo7qBGfcYsBnzhcaQKaPUAT2zwzU2jdiqqcOhuteQRP+yTtkhljaKakVVclAyBPV5pkhgLUr7SZjUgVZVtUMrIfQgaQCJoQYbLDH3i/s7a+WgSCKuapPVG+CX3mkSSCyHgi7UhfVOjCjc+Ava3h8gBmbsvT68ZxLttui7htSdqr42vaaHtA6H57xAJp1YjQYWZ8mI3xoTnj0/thYeS4SdiXkiPkcsBBwzHjvtss3SJLPg39pYAU6Pjw72MruZVG4nsZ/ZPMgmP7HJQzZ5lEse5rYOcuk9Np3LpvbY7Y/77MnxMVAqfeP5UrHI88XiF57/whdLPF8WlEqVcqVS+VoWlCulcqVc/lapfAd+/LwT/Lz6fXX9n5DfXQnlzf3N7cPNr8cnt4/Xtw/XN/dX13/+Al+pphOiKh5rAAAAAElFTkSuQmCC",
  "aspectRatio": 0.9810699588477366,
  "transform": null,
  "faces": [
    {
      "id": "0x299159ad160b55af-14-22",
      "faceId": "9d6be3f3-e91b-4b1f-b91a-7adcb97f61f0",
      "rect": {
        "top": 0.19008687,
        "left": 0.1109375,
        "width": 0.05729167,
        "height": 0.05620848,
        "center": {
          "x": 0.13958334,
          "y": 0.21819111
        }
      }
    },
    {
      "id": "0x299159ad160b55af-35-60",
      "faceId": "8a184e09-a379-436d-ab09-f7560b61b882",
      "rect": {
        "top": 0.58201329,
        "left": 0.32395833,
        "width": 0.04635417,
        "height": 0.04547777,
        "center": {
          "x": 0.34713542,
          "y": 0.60475218
        }
      }
    },
    {
      "id": "0x299159ad160b55af-54-57",
      "faceId": "e011405a-0c3c-442a-ae99-9a46dcb2fbe8",
      "rect": {
        "top": 0.54471129,
        "left": 0.52083333,
        "width": 0.04427083,
        "height": 0.04343383,
        "center": {
          "x": 0.54296875,
          "y": 0.5664282
        }
      }
    },
    {
      "id": "0x299159ad160b55af-16-40",
      "faceId": "ff825f09-75ea-4787-99c8-12b7a0846c11",
      "rect": {
        "top": 0.37455289,
        "left": 0.13489583,
        "width": 0.04375,
        "height": 0.04292284,
        "center": {
          "x": 0.15677083,
          "y": 0.39601431
        }
      }
    },
    {
      "id": "0x299159ad160b55af-85-23",
      "faceId": "e3736a9e-c3bb-4b26-8e5e-63cb29c9c098",
      "rect": {
        "top": 0.21308125,
        "left": 0.83333333,
        "width": 0.04166667,
        "height": 0.0408789,
        "center": {
          "x": 0.85416666,
          "y": 0.2335207
        }
      }
    },
    {
      "id": "0x299159ad160b55af-82-37",
      "faceId": "d53f93b2-0392-409c-b564-926031975b0f",
      "rect": {
        "top": 0.3479816,
        "left": 0.79947917,
        "width": 0.04114583,
        "height": 0.04036791,
        "center": {
          "x": 0.82005209,
          "y": 0.36816556
        }
      }
    },
    {
      "id": "0x299159ad160b55af-63-24",
      "faceId": "45d7ebc5-b86f-4c84-bd97-75b21952d128",
      "rect": {
        "top": 0.21563618,
        "left": 0.60625,
        "width": 0.04010417,
        "height": 0.03934594,
        "center": {
          "x": 0.62630209,
          "y": 0.23530915
        }
      }
    },
    {
      "id": "0x299159ad160b55af-31-22",
      "faceId": "6bf24db0-071d-434d-8559-9b837213e881",
      "rect": {
        "top": 0.20286152,
        "left": 0.28645833,
        "width": 0.0390625,
        "height": 0.03832397,
        "center": {
          "x": 0.30598958,
          "y": 0.2220235
        }
      }
    },
    {
      "id": "0x299159ad160b55af-37-39",
      "faceId": "5b34337c-10c3-4611-a536-2460d5c14a3f",
      "rect": {
        "top": 0.37097598,
        "left": 0.35052083,
        "width": 0.03802083,
        "height": 0.03730199,
        "center": {
          "x": 0.36953125,
          "y": 0.38962698
        }
      }
    },
    {
      "id": "0x299159ad160b55af-64-38",
      "faceId": "aaf57b2d-218c-4873-90c9-6ea9a62b5681",
      "rect": {
        "top": 0.36228922,
        "left": 0.61822917,
        "width": 0.03802083,
        "height": 0.03730199,
        "center": {
          "x": 0.63723959,
          "y": 0.38094022
        }
      }
    },
    {
      "id": "0x299159ad160b55af-49-40",
      "faceId": "1db030e5-0159-4b63-a530-08023f8d2363",
      "rect": {
        "top": 0.3852836,
        "left": 0.47604167,
        "width": 0.0359375,
        "height": 0.03525805,
        "center": {
          "x": 0.49401042,
          "y": 0.40291263
        }
      }
    }
  ],
  "people": null,
  "date": null,
  "location": null
}
