{
  "id": "0x32914aacd23b8d8b",
  "base64": "data:image/png;base64,iVBORw0KGgoAAAANSUhEUgAAABAAAAAQCAIAAACQkWg2AAAACXBIWXMAAAsSAAALEgHS3X78AAAC8UlEQVQozy2SbVMSARSF9y81NZUxiiGMuMgisIuwyAIusCiQC2bEq5slwe66iIrge4lmCoGig6hh06jRiNho3wLtr7TMdM7z5d45d86XC3w7Oy99Pd49PCiUisVycb+8d3BULB0fHFUOj0/LJ6eHJ6elk0qp8q38/axSrX4HPuVz8x8Xpxa4qQV6boVJf2BWMlxma/ZzNr39ZXE7t/A5m9raSW3nlgrFjfJRAZhZng/SIZJyuSl7IDI8QTuYaTKZ9i2vjK+sUotLwdSify7tTy1Raxkum18DonPsi/CI0aPH3LDdqx3x615T2GSM4OLORNwxxVhjMTwSw5m4M7kQ3thKArHklCPg1DoQtR1CnSqDS4N7UNJvCoTMVHBg3AsHvEqfT0W9xdjE6Op6HGDmOPvYkNwEiXUS6UCv1KAEjbAa1xgsKqsZtBlEVkxowTudJBScIGZT74HYNGt2DIqU4idSgQCStKsgIaKSaJQyWKbsE6lkzxSyx73yhzAqtJNohAkDUY7GCGM7KHwkeiIAu0RqRXc/AmphEFbIFFKJVNgpeSroeiCBnhmsyPg7P98QMztM4j5RByjoVnerMViH61EcRbB+BaoWq2QdUFdbT5u4T4jZdG8iIYCeoW1uC6TvkfV3ISa5aVhncWEWpwEj9IhFB2KwGJU/R8RyVGp9YYowE/xBbHjMprFAGhw0OtU2zwDhMRKkwezUo0Oo0qqRD6pkGIjgiuGX1ij3Dkik468okhjF7KMoGRgcDROeIEH6bC6vdeglbvGYzKQBc2ltbsxLuRNJFsh8Wosno5Osf5L1srMhLkmxs2+YBEVPj0e50CQbmKB94cjYW9rPxzKby0ClcrR3kM3lM9n8R/5bdvc3d4ubhb0W+cLGl/z6Tu7D1s7qdm59b3/na6UE/L69+fWrVq//vLr6cX1dbVGv1q+q/HhV47mo1S4uL89rtR/1+uXtzTVwf/f37v7+jlezydNsNpqNFo3GH94t/qu15iP/ACHWjFXWTruwAAAAAElFTkSuQmCC",
  "aspectRatio": 0.9816971713810316,
  "transform": null,
  "faces": [
    {
      "id": "0x32914aacd23b8d8b-39-27",
      "faceId": "c94aae67-1029-425d-8249-f2811976028e",
      "rect": {
        "top": 0.23809524,
        "left": 0.361,
        "width": 0.0605,
        "height": 0.05940108,
        "center": {
          "x": 0.39125,
          "y": 0.26779578
        }
      }
    },
    {
      "id": "0x32914aacd23b8d8b-65-29",
      "faceId": "5408d9d4-623e-4270-9be3-764dae914a28",
      "rect": {
        "top": 0.25871379,
        "left": 0.623,
        "width": 0.0555,
        "height": 0.0544919,
        "center": {
          "x": 0.65075,
          "y": 0.28595974
        }
      }
    },
    {
      "id": "0x32914aacd23b8d8b-36-35",
      "faceId": "64af842a-b4e5-413c-b4ab-6ebc6400bb9a",
      "rect": {
        "top": 0.33284242,
        "left": 0.336,
        "width": 0.0425,
        "height": 0.04172803,
        "center": {
          "x": 0.35725,
          "y": 0.35370644
        }
      }
    },
    {
      "id": "0x32914aacd23b8d8b-56-36",
      "faceId": "feb92b31-7035-46e1-9b82-1c34cb62abac",
      "rect": {
        "top": 0.33578792,
        "left": 0.542,
        "width": 0.042,
        "height": 0.04123711,
        "center": {
          "x": 0.563,
          "y": 0.35640648
        }
      }
    }
  ],
  "people": null,
  "date": null,
  "location": null
}
