{
  "id": "0x20bcd9e452eb7d8f",
  "base64": "data:image/png;base64,iVBORw0KGgoAAAANSUhEUgAAABAAAAAQCAIAAACQkWg2AAAACXBIWXMAAAsSAAALEgHS3X78AAAC/0lEQVQozzXR909aARAH8Pe3VGvaurdVgSqyRGWjwgNRlihDwMJ7PBFFoIp11VFXSEsUUFzBuCJiqrV1xVbqRFOc/0efbXr55PLNJffLHRAMbQUWl6amZyY83gmPD+2ep5r0eianvJPTU16/3zfj983Pz6ysLm9/3QY+fXY7nU4YhrQNGq1Wo9NqGnVqg14F6VWIQd0May1NepS9zdT/wenzuoF3DketTEovoxYVYgl4HAmPpRKwdDKWVYyroBXwWUV8DrGSRagGyxobJH3dDsAEGcvZjPyc9OT42JSE2NT4mKzkGFxmHCH3JRWXUFqYTMWnkHCJNHK2REi3tRgBBDLwyhl4TEZOalxW8vPMpGe5aTGE/BdlRUksShqTksGgZJYRUrmleXIR02YxAC1mk7iqnEHBULApxPxE/OtXJGwCuyRTyMVUVRZUct7wUEyMmEfUKvgOKwLYWs11UhBk4MvJ2WxiBoOQzinJqeEX1kmpMkmJACQLQVI1SFRK6JBW7HRYAIfVrK4V1nCJIlq+iJYnYmKk/CK1nKZVsRVyOgiSQT5ZJCArZSy4Uf6+ow2wtTSpZAIxlyRhvamvwDeIio11LETHg3WVagW9WkASCUg1wqcFxKDo7bIDNotJLRfKeMX1PCIkKbVquO1wVYdZbIUEsIatkVGVkuL6GkpDLbPZWDuAnrXTjj5Hqpdz4Dpmu4E30CoeaVd8bK/vbZN2WkQOmNf6lmNS0WAlywrJh3rsgGu4u7cD6bSq++xKV4/ONwz5x5DpMbNnBJkcQdyDxvEeTa9V7GwS99j0rqEuYCXgm/ON+yf65zx9yzMDwYXBUGBoIzAcXBwNLbk2FseW/f1TLsfnIZt7tHvW5waODnb2v2/u7qzvf1s73F072lv7sbf6ZH/9+HDz50HoYGdtK7gQXJ5dXw182QwBV1eRSOQyErm4ujq//idydh05/QvN55cXp2en4V/h43A4fHJyDkRvH27uHlF3d4+3/92gw9v76M19NIq6+32Dun8SffgDHxOCSayJXa8AAAAASUVORK5CYII=",
  "aspectRatio": 0.9809128630705394,
  "transform": null,
  "faces": [
    {
      "id": "0x20bcd9e452eb7d8f-79-38",
      "faceId": "46424b58-b66a-4796-ac43-0ae8aecad382",
      "rect": {
        "top": 0.333163,
        "left": 0.746875,
        "width": 0.09114583,
        "height": 0.08942259,
        "center": {
          "x": 0.79244792,
          "y": 0.3778743
        }
      }
    },
    {
      "id": "0x20bcd9e452eb7d8f-70-29",
      "faceId": "7e2a77ad-eaf1-4222-b04c-9ddb267cea85",
      "rect": {
        "top": 0.25344916,
        "left": 0.65833333,
        "width": 0.08229167,
        "height": 0.08073582,
        "center": {
          "x": 0.69947917,
          "y": 0.29381707
        }
      }
    },
    {
      "id": "0x20bcd9e452eb7d8f-30-57",
      "faceId": "7ec73bf4-4038-453f-9684-5281ec1127a2",
      "rect": {
        "top": 0.52835973,
        "left": 0.25729167,
        "width": 0.08072917,
        "height": 0.07920286,
        "center": {
          "x": 0.29765626,
          "y": 0.56796116
        }
      }
    },
    {
      "id": "0x20bcd9e452eb7d8f-48-43",
      "faceId": "39582e04-54f2-40d4-87e6-3825017322c8",
      "rect": {
        "top": 0.39090445,
        "left": 0.4453125,
        "width": 0.07083333,
        "height": 0.06949412,
        "center": {
          "x": 0.48072917,
          "y": 0.42565151
        }
      }
    },
    {
      "id": "0x20bcd9e452eb7d8f-55-29",
      "faceId": "4b93368c-46f9-413b-bec7-8dffa5ba7592",
      "rect": {
        "top": 0.25804803,
        "left": 0.51666667,
        "width": 0.06510417,
        "height": 0.06387328,
        "center": {
          "x": 0.54921876,
          "y": 0.28998467
        }
      }
    },
    {
      "id": "0x20bcd9e452eb7d8f-12-55",
      "faceId": "9a2501c8-fbbe-45e0-a948-c50668efaaad",
      "rect": {
        "top": 0.52171691,
        "left": 0.0890625,
        "width": 0.06458333,
        "height": 0.06336229,
        "center": {
          "x": 0.12135417,
          "y": 0.55339805
        }
      }
    },
    {
      "id": "0x20bcd9e452eb7d8f-23-36",
      "faceId": "90eea751-4730-4f6b-8b0d-530b698e7450",
      "rect": {
        "top": 0.33060807,
        "left": 0.20208333,
        "width": 0.06458333,
        "height": 0.06336229,
        "center": {
          "x": 0.234375,
          "y": 0.36228922
        }
      }
    }
  ],
  "people": null,
  "date": null,
  "location": null
}
