{
  "id": "0x2492c96c164bf987",
  "base64": "data:image/png;base64,iVBORw0KGgoAAAANSUhEUgAAABAAAAAQCAIAAACQkWg2AAAACXBIWXMAAAsSAAALEgHS3X78AAAC3klEQVQozz3ICU/aAACG4f6pZZfbEsUh82BURUVEFJBDREBAKNjSYssloijKQIoo0MohGGSHifPIPFCGx/DIou6vrGTJkidf3nzAt+8H+e0vVC6fTGdT2RxVl02mM+sUvZpIxtYSZDzBBJ3ZLH3dOfxxCsRTlG8hgOAYhNpgHLETCDw9BcEWo8WgN+p0Bq3WoJ0wT2AEFo6Gi6VtwDM3O2YcFwz38YXggKRHLOsdGO7mC7i8Lk4Hj/0P2N0qUw4SLpTeSALwNCqSCjkdTc2c1+1gI9jdzAUbW1obWM3PWay6JtYzNvtlv5CLIMZkggRQApOMiLi85ra2N11drL7elh7++05eI6/9Hdj6lvehgct+weW8Eg9wUcSQSkQBn9+j16uGRKCor1Uq5qmkXQzFcKdy8KOqv13O50hAlriTpZbyXQ4znSQBcmXJ5YCgCbl5XAwbZdMWBQ4pcYuCMMlw7RCqFFilfJOse0ovDXjtOToOFNLrsWVf0AsH3ebwrC0WgOMBZHUeXp21ki7TMqLxmRW4UeaCtaF5Z45eA3Y/5wqpMBWZSYacGyuebMybjXmypDsTIaggSs5Y5lEdDo0SyMSi30Un48DRbrGUIVMRbzSARRewWNBBLqLRAEIG4BW/dcFpcEAqg2bIoFMQDoSMRoCTvdIWHQn5UQLR2SENatUgFhU8qcAsStw6ap+UjyuFg0JQLBaYTIbFYBA4PdzZpKNzHgQyjem1SoZOI9OOSUw6+dSk2mZSa9WS4SGBbEQC2WyhTxGgfHxYLKTDoYDL5cAwO+awo/Yp1G5z4qjf55yfdXvd0xiG4AQRXAqlM3mgUqnsH+wXi9vpTJai09RGOkXRFFOZbD5fKGxtbW7mmc7kCtulnb39I+DislapXpfPL0/Oqsfl6kmZ2Z8nddXy+QXzM07PmLiqVGsXV3fAxfX9Ve33r9uH2t3Tfzd3j7W6h/reP97UPd3e/7m9f/oLE3mhGrsCclUAAAAASUVORK5CYII=",
  "aspectRatio": 0.9786184210526315,
  "transform": null,
  "faces": [
    {
      "id": "0x2492c96c164bf987-81-31",
      "faceId": "a39d0c49-90c5-4c0e-94fa-19019454f27d",
      "rect": {
        "top": 0.27879715,
        "left": 0.77864583,
        "width": 0.05625,
        "height": 0.05504587,
        "center": {
          "x": 0.80677083,
          "y": 0.30632008
        }
      }
    },
    {
      "id": "0x2492c96c164bf987-11-34",
      "faceId": "51575311-f561-4650-ae8e-d4e9aa591b01",
      "rect": {
        "top": 0.31294597,
        "left": 0.08333333,
        "width": 0.04583333,
        "height": 0.04485219,
        "center": {
          "x": 0.10625,
          "y": 0.33537207
        }
      }
    },
    {
      "id": "0x2492c96c164bf987-26-36",
      "faceId": "8da1f673-b471-40c6-885f-ca94bb283b40",
      "rect": {
        "top": 0.33588175,
        "left": 0.24166667,
        "width": 0.04479167,
        "height": 0.04383282,
        "center": {
          "x": 0.26406251,
          "y": 0.35779816
        }
      }
    },
    {
      "id": "0x2492c96c164bf987-69-32",
      "faceId": "8ba7f638-ff45-449c-9e9b-da082b808255",
      "rect": {
        "top": 0.30377166,
        "left": 0.66979167,
        "width": 0.04322917,
        "height": 0.04230377,
        "center": {
          "x": 0.69140626,
          "y": 0.32492355
        }
      }
    }
  ],
  "people": null,
  "date": null,
  "location": null
}
