{
  "id": "0x2cb55c25d2cb61b1",
  "base64": "data:image/png;base64,iVBORw0KGgoAAAANSUhEUgAAABAAAAAQCAIAAACQkWg2AAAACXBIWXMAAAsSAAALEgHS3X78AAAC6ElEQVQoz13LWU8aARSG4fkbpiqiIoIbizOAA4PDNiMIDpuMGyKC7IooShVrNQRE25om2lRREdRUjfVCk9bGpqYXrtWatjd1aexP6WjTmyZP3px8yQE+fDrY3t1d3dxYWltdXFlZyGQXlrOpdDZFdTnzF7Vk19a3tnf29g+AxdVMYjoZfjLoDQc8vX5Xt6/L7+3yeV0Br7vH6wn6PL0+T9AfGgzHJiZSSxkg9izuDDrrSbVEI4YxWITWCBCREBHBshopBqP1YpkWqVUjaoPG7naOx+PAwOiAwdoAybkl1fTiqgI6i0Zj5BUw8hjltDKwkIsw+CiLI2aJZJCeNIQfR4D+aIho1YBoZSkvn1mRV1TyKJ+ek0vPKWQ9KodokJwBY2wIZcNykGjU9w0O3D8Y2rQ1Ci4HKuLyCivKaUxmXhEzt7SKxpcUS9Vlcl2VWFmBKAUGi74/Mgj0D4fM1gYpDgnEbBhmwUKmAGJUQyVChK1Qc3SNEGER4joQ10pa2i3Do1EgPNRH2owKrUSq4itxPoZzMLxSVcdRE6CxCW7tqLXaZWRLbXMb7u/uSE7FgEg03OYg681yFSHSmIRaE6gz8XQmvp4UklbE6lDYu1S2TpXLQwxFPTOzk0B0LNLpbda3KusaRWqLADfxMH2VkqjE9DyNCSJI2NQitbTVOly6oRHPzKtJYDwx7Aq2GtvluBlUGLiIplyoLAXREhBlQjK2SFGBYBy5hm9skgVCtqkXMWB6dmJg1GMP6M02ma4ZwQw1aD2E1FVLsGqxChRjEIILUY2IIHFv0JF8HgdWN9MvXyeeJvvCI+5gxOkL2d09Ha5uW1fA5vTbHD5KB6U77BtLjM4tzgEfP+/vvH+7vp3Nvkktr8wvZeYXl+coC5T0XCo9n1q6l15Jb2xtvtvbAy6//zi//Hp6fnZ8dnJ8enzv5IRy9M/h8cnhEXWcnn65uLj8Bvy8+X11e3d1e99ryq+H/ufm7ur6wc3dHzN/RTeWprikAAAAAElFTkSuQmCC",
  "aspectRatio": 0.9802306425041186,
  "transform": null,
  "faces": [
    {
      "id": "0x2cb55c25d2cb61b1-76-37",
      "faceId": "6e735b55-0105-44f6-ac06-cdc0811c3614",
      "rect": {
        "top": 0.34456355,
        "left": 0.7359375,
        "width": 0.04427083,
        "height": 0.04338948,
        "center": {
          "x": 0.75807292,
          "y": 0.36625829
        }
      }
    },
    {
      "id": "0x2cb55c25d2cb61b1-24-42",
      "faceId": "d43b2201-bc1f-4380-9fb1-62ebff37ee14",
      "rect": {
        "top": 0.40173558,
        "left": 0.21979167,
        "width": 0.03854167,
        "height": 0.03777437,
        "center": {
          "x": 0.2390625,
          "y": 0.42062276
        }
      }
    },
    {
      "id": "0x2cb55c25d2cb61b1-30-31",
      "faceId": "f2430181-4fbf-4d7e-b72b-c9c70294c85d",
      "rect": {
        "top": 0.29555896,
        "left": 0.2796875,
        "width": 0.03541667,
        "height": 0.03471159,
        "center": {
          "x": 0.29739584,
          "y": 0.31291476
        }
      }
    },
    {
      "id": "0x2cb55c25d2cb61b1-53-29",
      "faceId": "a0323482-e395-4a5d-b85f-4c71a329cbc9",
      "rect": {
        "top": 0.26799387,
        "left": 0.51145833,
        "width": 0.03489583,
        "height": 0.03420112,
        "center": {
          "x": 0.52890624,
          "y": 0.28509443
        }
      }
    }
  ],
  "people": null,
  "date": null,
  "location": null
}
