{
  "id": "0x27b0c825324b259b",
  "base64": "data:image/png;base64,iVBORw0KGgoAAAANSUhEUgAAABAAAAAQCAIAAACQkWg2AAAACXBIWXMAAAsSAAALEgHS3X78AAAC6klEQVQozz2L908aARzF78+y6Q/apq6CMzVaJQ7cgow7cYDHFO7g2EtUvAMBj3OwORC1AwRRUNyaqG3/lJ5p0pfPS9735fuAQqGUZ1T4WTjJF0vF0mmpdMqYScVi6eTkH8VCqXhSPj2tnFeB3AGdTu4l4mQyQdL0XjYTyWb2M+ldOrXDkE5RqVQ4mdimk9RRNp7/cQQkYhS17QkQxgBhIAOWcNBKbllCOBbcNGz7sJAPC/iwLVxP+i2xHe9hJgpE9/x+r8FjXXCbxGu2uXWbZNUMOVG+E+F7jGKPGXSZQKcR3LDLwj5LNkEC0V2CWFXbtdMm+aBZNWxRjWDyIWS+Tz//1QwPW5RcTME1yEcdqCi4oc/EQkCM8uI2qXWZg0KdqKRLt9Cjhr7A/A4Fr1ML9mrnelVgrwLs1ytmcJcuFQkC0ZCbMIps813obKNO1KoG22FBx9IUWzrJhnkdspl2yVQ7ONkNz406TcpImAD2/VYCnXFIWNhsAyJsVApZ0ln20gxbxmuD+eyFyRbBSNP0YCvEG8BWFkmfB6C8mFc74ZhnmUQfEFGjXNAs5bXIZllKEVspbF2c+Mjn1I/31QvHunSwYGvdCgRXkVXVmFnSZhB/QsBmhaAJ5jcxrzqIpRU3yybrhZx3U711Ym6LdmmccOsBwqaxwqMI1KEDWxAJewVkacSfEYhlkLCYvXy6QTLyXsSpW5hoQqWjuAsB/C6DQyM0Lg+ZYI5Nw7WvcB2aEadm2Kkessr79Ys9K1C3StyJLA44USiE24DdAO53GzYdSsKlCHm1YQKlcITyarfX1H63fNO+vGGTrVuluEtFEvZkhAQOswd0PJKKUZkkdZiNHOfi3w8T33Lxo2w0l97LpHbp5A6d2Mmm949zdCGfB87OauVytVyunJ1XKtWL6mXtonb1xmWtenHJNOeV6nnlgsmXtZur6wfg6ub5+vb5+u7l5v7lluHh5e7x9T/M+dY8vN4//rp/+v3w9OcvEQi8JpIGxC8AAAAASUVORK5CYII=",
  "aspectRatio": 0.9810543657331137,
  "transform": null,
  "faces": [
    {
      "id": "0x27b0c825324b259b-78-39",
      "faceId": "23681473-23a9-4802-9231-b1b202008d30",
      "rect": {
        "top": 0.36484415,
        "left": 0.75260417,
        "width": 0.0484375,
        "height": 0.04752172,
        "center": {
          "x": 0.77682292,
          "y": 0.38860501
        }
      }
    },
    {
      "id": "0x27b0c825324b259b-50-39",
      "faceId": "04692dae-111f-42aa-bcff-85ac0384b6f1",
      "rect": {
        "top": 0.36893204,
        "left": 0.47135417,
        "width": 0.0484375,
        "height": 0.04752172,
        "center": {
          "x": 0.49557292,
          "y": 0.3926929
        }
      }
    },
    {
      "id": "0x27b0c825324b259b-55-52",
      "faceId": "f16f885d-3893-4d25-8365-600c26e112dc",
      "rect": {
        "top": 0.49770056,
        "left": 0.53072917,
        "width": 0.0453125,
        "height": 0.0444558,
        "center": {
          "x": 0.55338542,
          "y": 0.51992846
        }
      }
    },
    {
      "id": "0x27b0c825324b259b-39-52",
      "faceId": "d498fa5f-ba1b-4ff8-a193-9886e86b0e3f",
      "rect": {
        "top": 0.49667859,
        "left": 0.36979167,
        "width": 0.04270833,
        "height": 0.04190087,
        "center": {
          "x": 0.39114584,
          "y": 0.51762903
        }
      }
    },
    {
      "id": "0x27b0c825324b259b-61-39",
      "faceId": "bac176b0-5141-4c94-95a3-40c531236f0b",
      "rect": {
        "top": 0.37148697,
        "left": 0.5859375,
        "width": 0.03958333,
        "height": 0.03883495,
        "center": {
          "x": 0.60572917,
          "y": 0.39090445
        }
      }
    },
    {
      "id": "0x27b0c825324b259b-17-36",
      "faceId": "d25e7adf-b24f-483f-a36a-d353948929cd",
      "rect": {
        "top": 0.33725089,
        "left": 0.15052083,
        "width": 0.0390625,
        "height": 0.03832397,
        "center": {
          "x": 0.17005208,
          "y": 0.35641288
        }
      }
    },
    {
      "id": "0x27b0c825324b259b-77-25",
      "faceId": "e807f444-8ed8-4c44-ab1c-9cdeed0b8d27",
      "rect": {
        "top": 0.23300971,
        "left": 0.74895833,
        "width": 0.03645833,
        "height": 0.03576903,
        "center": {
          "x": 0.7671875,
          "y": 0.25089423
        }
      }
    },
    {
      "id": "0x27b0c825324b259b-38-40",
      "faceId": "206c35e2-ef69-44c8-8b91-e2ac85cef27f",
      "rect": {
        "top": 0.38068472,
        "left": 0.36145833,
        "width": 0.0359375,
        "height": 0.03525805,
        "center": {
          "x": 0.37942708,
          "y": 0.39831375
        }
      }
    },
    {
      "id": "0x27b0c825324b259b-24-23",
      "faceId": "133f1d8f-ae8d-4886-a17d-a43fae41d3ac",
      "rect": {
        "top": 0.21716914,
        "left": 0.2234375,
        "width": 0.03385417,
        "height": 0.0332141,
        "center": {
          "x": 0.24036459,
          "y": 0.23377619
        }
      }
    },
    {
      "id": "0x27b0c825324b259b-41-24",
      "faceId": "0dccce7b-b96a-4da3-94e4-ebadf38d92f4",
      "rect": {
        "top": 0.22687787,
        "left": 0.3953125,
        "width": 0.03177083,
        "height": 0.03117016,
        "center": {
          "x": 0.41119792,
          "y": 0.24246295
        }
      }
    },
    {
      "id": "0x27b0c825324b259b-49-22",
      "faceId": "b872c4db-ec9c-4e01-8ce6-3733bb1deb16",
      "rect": {
        "top": 0.20797138,
        "left": 0.47708333,
        "width": 0.03072917,
        "height": 0.03014819,
        "center": {
          "x": 0.49244792,
          "y": 0.22304548
        }
      }
    },
    {
      "id": "0x27b0c825324b259b-58-24",
      "faceId": "f65d3b32-47f8-4255-8891-8f915dc99345",
      "rect": {
        "top": 0.22789985,
        "left": 0.56927083,
        "width": 0.03020833,
        "height": 0.0296372,
        "center": {
          "x": 0.584375,
          "y": 0.24271845
        }
      }
    }
  ],
  "people": null,
  "date": null,
  "location": null
}
