{
  "id": "0x20be596452eb7d8f",
  "base64": "data:image/png;base64,iVBORw0KGgoAAAANSUhEUgAAABAAAAAQCAIAAACQkWg2AAAACXBIWXMAAAsSAAALEgHS3X78AAADBklEQVQozx3L/U8SAQDG8fs7Smu+YFMzX2B6x3kgyqkgB4LIBYi85RQE8gUQFCJJDRk6ey+XyQEyX6Yi5KZNh1qjlkbqWeJL9q90tn32/eXZA2xsJpdX4pHoYpCIzIYis0QkSISDRIggQiEiFA6HI3MRysLiQjyR2N7ZBd7PBEfHfP1Wm7G7m0LF3G20mAw9JkOfxWDrM9mtFrvN4nbZJyZ84TABPHkyqtfpeI311TCIwCALBjkIiLJBHgfCUGYzD2luYgv5LFzKMxv1Af8YYLfZxCKMXl5Cy82m5WYV5GYV0bIqim6BpTkII49dWcCqLGAy8rms8jZc6HHZAbvVKhEJQHpJMS27KD+rMO9GyZ2bVaW32VX5XPhOXXVhLVxYAxbwa+lqudAzZAMGHQMKXMxlMZgVNKg0v/JeDpOeh7KLhY3lIj6DX09vqqcL0HJchHTpZN5HTsA95NC0SYUo1ADfRaGiOrCwgV0iwarkrUirFMEwSCSAWjBIfR99aFCNDLsBj8upb5e18KpFnLJmTpmYW4FTs7xWq0Lv4xwBxsQEkEQIqxWNPSbN2MhjwD3o0KtapXxEijKU/CqthNXVVm/SCww6frucIxFCzRgkFVEHXq9ZO/7UC7idAw/aZTjGVgigLllNr5bnNIqdlpb+LqFBg2pwRNUKK1tgnbKh36wJ+IaBEc+gpVOlV/AMSq6jUzDSJx13KnxO5bBV5uoR241NfR0NRhWnW93osGgmqcOb5/4xT/8ju87rUE95O6b9xpkJ8/sJy7uA+W3A/MpnmBzWeq24u0c+OmR6PeUHVpfCc8GXs9PjoenRRcIXm/PHo/61aGBtfjKx+Cw+P7UU9M08d70JDE2/8EVDH4DUl+ReciO5Hd/Zin1OrqV2Yqmd1VQyltqNf/u8/nVvfW8rtpmYT6xEP64tf9rcBEjyhCSPSfKIcnJy+ItCpk+O0+S1n+Tx4dFhOn2wv//9+/7+wY/0IXB6dnV2fnV+8ZdydnF17fwqc/4nc3Z5mrk4zfzv6bXfmUvKP+U/ZUqS34uhAAAAAElFTkSuQmCC",
  "aspectRatio": 0.9818780889621087,
  "transform": null,
  "faces": [
    {
      "id": "0x20be596452eb7d8f-79-38",
      "faceId": "efaccf84-da20-4ac9-9f2d-6f3c24a0830e",
      "rect": {
        "top": 0.33503836,
        "left": 0.74375,
        "width": 0.090625,
        "height": 0.08900256,
        "center": {
          "x": 0.7890625,
          "y": 0.37953964
        }
      }
    },
    {
      "id": "0x20be596452eb7d8f-70-30",
      "faceId": "23b66f24-232e-4534-bd5a-00671b745ce9",
      "rect": {
        "top": 0.25524297,
        "left": 0.65625,
        "width": 0.08177083,
        "height": 0.08030691,
        "center": {
          "x": 0.69713542,
          "y": 0.29539643
        }
      }
    },
    {
      "id": "0x20be596452eb7d8f-30-57",
      "faceId": "2ffdb5e1-2e95-4e4f-8bed-5beb0daff55d",
      "rect": {
        "top": 0.52736573,
        "left": 0.259375,
        "width": 0.078125,
        "height": 0.07672634,
        "center": {
          "x": 0.2984375,
          "y": 0.5657289
        }
      }
    },
    {
      "id": "0x20be596452eb7d8f-48-43",
      "faceId": "c58aa67e-42ba-42e8-b79b-f4c164a7e62c",
      "rect": {
        "top": 0.39130435,
        "left": 0.44270833,
        "width": 0.075,
        "height": 0.07365729,
        "center": {
          "x": 0.48020833,
          "y": 0.428133
        }
      }
    },
    {
      "id": "0x20be596452eb7d8f-55-29",
      "faceId": "f28572eb-53b7-478c-8c10-94318f6e1bae",
      "rect": {
        "top": 0.25882353,
        "left": 0.51510417,
        "width": 0.06510417,
        "height": 0.06393862,
        "center": {
          "x": 0.54765625,
          "y": 0.29079284
        }
      }
    },
    {
      "id": "0x20be596452eb7d8f-12-55",
      "faceId": "14d88774-e303-4f6d-835b-c9b4e33079a8",
      "rect": {
        "top": 0.52173913,
        "left": 0.0921875,
        "width": 0.0640625,
        "height": 0.0629156,
        "center": {
          "x": 0.12421875,
          "y": 0.55319693
        }
      }
    },
    {
      "id": "0x20be596452eb7d8f-24-36",
      "faceId": "b3dcb055-e315-4edd-beb3-af09ed67d5bf",
      "rect": {
        "top": 0.33299233,
        "left": 0.2046875,
        "width": 0.06197917,
        "height": 0.06086957,
        "center": {
          "x": 0.23567709,
          "y": 0.36342712
        }
      }
    }
  ],
  "people": null,
  "date": null,
  "location": null
}
