{
  "id": "0x3cba1d05f2fb0d87",
  "base64": "data:image/png;base64,iVBORw0KGgoAAAANSUhEUgAAABAAAAAQCAIAAACQkWg2AAAACXBIWXMAAAsSAAALEgHS3X78AAAC6klEQVQozzXQaVMSARjA8f06TdNMY1bTLR4hh3tx7eLCuuxyLsq9yKErAmoiBVamDscmkVEeiEGazdSrBAyb0pop/TCBM838XvxfPM+L5wH2D/bLle13W282ttY3t0tvN9ZfvS7khVwml80JuWw7hGwmn82vCeul0m61BpQ2iqvZxfTTeDo11ZaYn4hMj4fC7kDAGQy7uaDbxTlGXaybc0aikaWVZUAoLD9O8THeGuGISRfutWNWs5pmlDStpBiVVo+gapkc7EMVEsZI8pEJICsszic43oMFmQGfrocd7qP1UsoAUzRKkBCsEould0Wiq4MDN7UY6PE6gNXMk5m4M8jCHvyOS3nLjvfaGMQ2SljHSNKEKXA5CIukg9dh+V2SQNweB5BKzwY5I6sbMIFdFui6Fe9jTUrbGGm2k1pag+AgohIjqAjDBhkj4QtwQDwWYk2aYei2ZuCyXn6N1vQYR4baN+goBaoFh9QyCJMhuAwjlcZRs5/nAT7sY3QwKu6GRJe0si5KdY8mHhr0Uh0hVeISFJfDwzBIoCpaZ/Q4QzNzwGSos4A87IZ6LhHya4zmvknfbzFIzAaZgRrSU5CKRCACVRtJq9/HLyQBftJvphQa+U1MfMWkvDFGPnAy/V6rhLNDvlGFw6Zof0ytAwnTsCPgjSaTwNTUOGtWjajuMIouz8itoLUnyPaGx8RTbijGaXgv5mIVjAE0W3BfwBlPzAGJRDTsN3IsHLZL5rihhRA8H4DmxpFEWLsYNaVjtke8eYKjQn5LdDrwJJ0EhNzqUjr+NMEtJ90vn3kKzz35tDOTdGZT48WVWCm3UMwsZJ7PLKVnV16kBCEHfKjVKuWNylaxur32cbdwsLu2Vxaqm0Jtu/iptvnlYPfzwfu9arlS3qrs7FRre0CzedyoH9XrjUa90Wz81+nmt6PWcet7q/W92Wwd1o++Hh4d1o+Bk9O/p6dnp7/OL1zE7wu/zk86ztoDbT9P/vz42fEPGCx5+5cXzC0AAAAASUVORK5CYII=",
  "aspectRatio": 0.9794238683127572,
  "transform": null,
  "faces": [
    {
      "id": "0x3cba1d05f2fb0d87-81-29",
      "faceId": "a3c4d36c-9ba9-4823-8c85-8c4ca8a773b3",
      "rect": {
        "top": 0.23877551,
        "left": 0.75520833,
        "width": 0.109375,
        "height": 0.10714286,
        "center": {
          "x": 0.80989583,
          "y": 0.29234694
        }
      }
    },
    {
      "id": "0x3cba1d05f2fb0d87-54-22",
      "faceId": "d654379b-8d30-4e45-91c1-b65bca183b15",
      "rect": {
        "top": 0.17653061,
        "left": 0.4953125,
        "width": 0.08645833,
        "height": 0.08469388,
        "center": {
          "x": 0.53854167,
          "y": 0.21887755
        }
      }
    },
    {
      "id": "0x3cba1d05f2fb0d87-54-53",
      "faceId": "7ee345bb-4fb1-4424-9b65-c54a6313cb33",
      "rect": {
        "top": 0.49081633,
        "left": 0.5046875,
        "width": 0.07916667,
        "height": 0.07755102,
        "center": {
          "x": 0.54427084,
          "y": 0.52959184
        }
      }
    },
    {
      "id": "0x3cba1d05f2fb0d87-42-52",
      "faceId": "d4c93674-d533-4231-858d-db23d7ead96d",
      "rect": {
        "top": 0.47755102,
        "left": 0.384375,
        "width": 0.07760417,
        "height": 0.07602041,
        "center": {
          "x": 0.42317709,
          "y": 0.51556123
        }
      }
    }
  ],
  "people": null,
  "date": null,
  "location": null
}
