{
  "id": "0x3cba1d05f2fb0d87",
  "base64": "data:image/png;base64,iVBORw0KGgoAAAANSUhEUgAAABAAAAAQCAIAAACQkWg2AAAACXBIWXMAAAsSAAALEgHS3X78AAAC5klEQVQoz1WL6VMSAQDF94+qPnSa3VOGJyAs7AKLwLbgHiywB4Kwy8oRGo5ComIqbFAmloqIeIw2TR/irGZSG+s/ielL05vfvJk37z3g6OSwXNneLBW3d4ql8vsPW+tr6wW5kM3JK3I+Kxdy2Xx2RV7N5eW14np5rwJsbL1dldMLi/GF+chiOjI7E4o994sSK4geUeIDIY4b97g4ivG6pYiYzswDhbWl9Hw48dw5KVhjPmScMbqcBoKECALCSYPlmU5vUiqHn2jAXhQzBUPjgFxIp5Lj8QASofpE7AmHKki7Gif1JGXAcAhChoaGH/X0XOtT3IShAbeHBFZWk9NTXJjRCtb7AeSu16ZgaQM3Zud8OO5GTTYQhBQqZTeovmcxqz0MBSSTUdFvZ9CntO4GA91m0T7OjXTWbi+OOq2wTQ+NqCCDwmwedIyaeT8PRMNjLlxvA7tHBq84dLcoSw9NgBRtwggjjOrAEU2ng2xas8OIM6RvQgIEv8sxooQHr0O9l1DtTdz8mMQGcYcafaYyWlUwqoUwGMSMRgrDfd7gi0Tn4B61qOCBG7DiMgZ2UZbHtL3fRahoYhgntHYCQkYNOrsJoR1OITAxmwJEgSUxjUXTbVNddSN3xkZ7/M7+IKMWeb3gNY2xJpyCEbsepVE25I+lkoAk8W5SjyMPaKQriD+MMIoo3x/zqaaC0LRkjQtWH2skCZ3TZfGL/ORMAkgkJClgFxhtlFcmQ5p0VPcyDKYmoLmodSnhzCQ8MzFnOOiQBCoeD6bmZoBcdjEzF80kfdk57t0rb3GZX1tk82m2sBDYyE5uFmaL8mwuM7U0P7W89PL16yywX92tlDYqpTcH5fxJtfCxmj/elQ9LucOdNx8PNj+fVD4d7x1VS5Wdzd1yqbq/DzSb7Ua90ajXmo1au1lvtzpeazW+tBr1r+32928dfW+12vV6s1Zr1htfgbPz3+cdfv7H2V/+xfNfp2cXp6cXP04v/gCsIpvaZSTYAwAAAABJRU5ErkJggg==",
  "aspectRatio": 0.9780265339966833,
  "transform": null,
  "faces": [
    {
      "id": "0x3cba1d05f2fb0d87-81-29",
      "faceId": "68d9205d-37e2-494b-80f7-0fc6c534b7d3",
      "rect": {
        "top": 0.23790117,
        "left": 0.75677083,
        "width": 0.109375,
        "height": 0.10697911,
        "center": {
          "x": 0.81145833,
          "y": 0.29139073
        }
      }
    },
    {
      "id": "0x3cba1d05f2fb0d87-54-22",
      "faceId": "2eb88ee5-dfa0-4963-a36d-d8e6506deadc",
      "rect": {
        "top": 0.17269485,
        "left": 0.4953125,
        "width": 0.09270833,
        "height": 0.09067753,
        "center": {
          "x": 0.54166666,
          "y": 0.21803362
        }
      }
    },
    {
      "id": "0x3cba1d05f2fb0d87-55-53",
      "faceId": "f5ddd88d-b9ca-4bf1-a79b-de327dfdbc8a",
      "rect": {
        "top": 0.4895568,
        "left": 0.50260417,
        "width": 0.08489583,
        "height": 0.08303617,
        "center": {
          "x": 0.54505209,
          "y": 0.53107489
        }
      }
    },
    {
      "id": "0x3cba1d05f2fb0d87-42-52",
      "faceId": "2767a215-a611-4926-9df6-def67d3eebbc",
      "rect": {
        "top": 0.48038716,
        "left": 0.38229167,
        "width": 0.078125,
        "height": 0.07641365,
        "center": {
          "x": 0.42135417,
          "y": 0.51859399
        }
      }
    }
  ],
  "people": null,
  "date": null,
  "location": null
}
