{
  "id": "0x68b47a1d86c361a1",
  "base64": "data:image/png;base64,iVBORw0KGgoAAAANSUhEUgAAABAAAAAQCAIAAACQkWg2AAAACXBIWXMAAAsSAAALEgHS3X78AAADEUlEQVQozz3L+zeaAQDG8ffPGLaJjElUasWmYUMuDSdja9NFM5pbMkte1yhOiRjSTbqIrZVmbu1FYZXI/dI0t+0/WTvb2Tmf8zw/fYHNbd+6x+X85nRurK46oMXFObPFrDcatTrD5NSUzWa12+fs0PwitLAA2SHHGrCytjK7NGO2GT5a1CbTqEIuEQpb3zZyajk1YMs72UC3fkJmMA5p9ENKndzwwQTY5j/pTPIxlXBkmN8vrgd5ZUx6YU5u2uNM4tPiXG4dTdJTJ5VyRRKuQNwskw8ABpNqeFQgEdf2ChgdvBI2MyuPhMMk3omLhxOJqNLnGU3ckpbmF43NtMZWdo9UAKjUssEBsF9U2df2oquh8A0tjZyBwqIjYxHh+HsxhXkENotUW0Wu5hRxm8p7+joArWZQOdyh7K+Xi1h9zSUNrMfFuZgUfBQKCcNi4Jmp8c8Kk15SifSy7GouQyjuAKzTmk8GmVkjmHzPHelmgFUkGgWXSYzGoWCJCeEP8PCs9NhsUnxBUUoZm9rZ0was2a3OOf1X83uLpk0hed3OzSun4skZscnYYHALh76ddA+WlAxPJ2GpzKLWLhDYddl9TuvGvGbWKFINVHXy8isZhIIcxAN8BAp5Mx4RhkSGxSXcIhATKNQCfjsfOPSu7G189izpFqbF2mGOEKSwWckFeYhkAgwRGxp1JyQy6kZEdAgaj8h/SuaBTf8CL2SALDKTkifupFa/fphPRhIIETF3w2CRoeGRIeHwUBQ2Lp/yhAfygaPttX33gs9hXp9Xzxh7R6U1/LeU0peppGz8/RQMjoDG4tFYAuZRVhqDRe8WCYHjvc3Dbee+e8nrsC5/0U7rJYNSXgtYUVPLLK+glb2iM1l05itGTV2VoFugHh8HTo4Ojw98wezAt7HlghyQbXbGaDKpxrVjKrVcoRxTqBQKtXJCN2G2WOzQMnDqD5z6v/v9p6cnxydHBwf7uzs+76bX7fa4XB63K3iezSCPd2t7Z2//8ATwn135f1yd/XH5V+C/86CrwPl14OL67CK4PwOXv34DNWWG5+7WuD8AAAAASUVORK5CYII=",
  "aspectRatio": 0.9810543657331137,
  "transform": null,
  "faces": [
    {
      "id": "0x68b47a1d86c361a1-27-32",
      "faceId": "5d5ea952-2c90-473e-acf3-e38a5d723ff0",
      "rect": {
        "top": 0.26111395,
        "left": 0.21145833,
        "width": 0.10989583,
        "height": 0.10781809,
        "center": {
          "x": 0.26640625,
          "y": 0.315023
        }
      }
    },
    {
      "id": "0x68b47a1d86c361a1-39-36",
      "faceId": "e28dca6c-f3f3-4523-be2d-afcbc7e1d546",
      "rect": {
        "top": 0.31527849,
        "left": 0.34791667,
        "width": 0.0875,
        "height": 0.08584568,
        "center": {
          "x": 0.39166667,
          "y": 0.35820133
        }
      }
    },
    {
      "id": "0x68b47a1d86c361a1-73-34",
      "faceId": "5620f8ab-ba68-4b8b-b6d6-f8c5aa57fef6",
      "rect": {
        "top": 0.30454778,
        "left": 0.6921875,
        "width": 0.06614583,
        "height": 0.06489525,
        "center": {
          "x": 0.72526041,
          "y": 0.33699541
        }
      }
    },
    {
      "id": "0x68b47a1d86c361a1-48-42",
      "faceId": "350ba652-e7d6-446e-822e-26ce61c46ff0",
      "rect": {
        "top": 0.39090445,
        "left": 0.44791667,
        "width": 0.06145833,
        "height": 0.06029637,
        "center": {
          "x": 0.47864584,
          "y": 0.42105264
        }
      }
    }
  ],
  "people": null,
  "date": null,
  "location": null
}
