{
  "id": "0x2cb51c2592cb61b1",
  "base64": "data:image/png;base64,iVBORw0KGgoAAAANSUhEUgAAABAAAAAQCAIAAACQkWg2AAAACXBIWXMAAAsSAAALEgHS3X78AAAC5UlEQVQoz03M2U/aAAAG8P4rJlPnvFAGXrAWWgqIAgVaDkFlIFgrtoBUQNApc17zyjb3oFNADq9MjW6ZiXOHD3uY1+bcfPOI/h8D3cOSX758yZd8wKe9vc3tD8sbbxMri/HlxVg6HU2mo4lULJmKppKxrFRGamV1bevdzuevQHwpMTY9HhoMucNeOuhp9zGUh6HctKuT7mBpJsAwQTftd7M9gcGx0bn4AjA8NUT5Sd1jDCUQGINBhUiIQiAKwgpIiolr9YjCiMpwVG1SO1ytA8NDQPeA3+TEQVUVR1RYXFNQwM3PK8nNL80t4efzRYVCBQdSPayRc0V1QqKR6AoFgUDEZ3BoQCWfC90vq84vKruXV5iTW5hTxLtXCT9ANGVyQwWs4iPKR4QF93X7gWDE1+DUIli1ACkWgEWVlQWc8ryi8tzymgKotrTeWKFpFMi1VVI1pG8k2FAACPb5LK1ELQ5JFDyZnCeVlIvFpSDMQRQ8zCAwt8BNTlRnFmEGtNlh7on0AsEnrLWtQd0gU+KQVg8ReqGOqNboBXqLyOqUtTFKyq22k3W2Vq23ixyfGgbC/QEn3Wy0qYhmaYNdarHDFhtktokyxw5XHeXBOjp17YzW7TNHBjwzs5NAZDDsYu1NlMbolJtaUUOLCLcKdU0C3AoabIjZIbOSdfY2Jd1pejromZ2bBIYn+rxhh43GjE6JzgbVm6tRnCfGuGI1F8b4Ek1VLSFUGcFGh5INkS+mR4DXb8b6R71MyGJn1BZSoWuW1BvFcgKU4aBUB6FaSIaLFXrEZNd4gtTky1FgdSMxE594/ircN+LpjtC+MOUOtDF+ku4iO1jS5SPbM1iS7fUOTTybX5gD9r592d7dWn+/tLy2kF6NJZaiC+mM+UzGU1mxW8nl5Nrm+s7uR+D32dnP05Pjk6PD44ODo4P9wzv7d+X7wT/7h4dHP05+nf4Bzq9uzi9vLq6u/3d+6+LqJiuzXl6fZ2X7Xz7vYHfhpxo3AAAAAElFTkSuQmCC",
  "aspectRatio": 0.9800829875518672,
  "transform": null,
  "faces": [
    {
      "id": "0x2cb51c2592cb61b1-76-37",
      "faceId": "cb454706-56c7-4096-86c3-57c2f6e31a38",
      "rect": {
        "top": 0.34394904,
        "left": 0.7385,
        "width": 0.0435,
        "height": 0.04262616,
        "center": {
          "x": 0.76025,
          "y": 0.36526212
        }
      }
    },
    {
      "id": "0x2cb51c2592cb61b1-24-42",
      "faceId": "d4c73b74-548f-452c-af88-b3ba5d2f9a26",
      "rect": {
        "top": 0.39980402,
        "left": 0.217,
        "width": 0.0405,
        "height": 0.03968643,
        "center": {
          "x": 0.23725,
          "y": 0.41964724
        }
      }
    },
    {
      "id": "0x2cb51c2592cb61b1-30-31",
      "faceId": "6f0eeabc-71f8-4e6a-874e-5f3201096ae5",
      "rect": {
        "top": 0.29250367,
        "left": 0.2765,
        "width": 0.038,
        "height": 0.03723665,
        "center": {
          "x": 0.2955,
          "y": 0.311122
        }
      }
    },
    {
      "id": "0x2cb51c2592cb61b1-53-28",
      "faceId": "62b0ff69-8ad6-426c-b86a-1635602da777",
      "rect": {
        "top": 0.26604606,
        "left": 0.512,
        "width": 0.035,
        "height": 0.03429691,
        "center": {
          "x": 0.5295,
          "y": 0.28319452
        }
      }
    }
  ],
  "people": null,
  "date": null,
  "location": null
}
