{
  "id": "0x299159ed060b55af",
  "base64": "data:image/png;base64,iVBORw0KGgoAAAANSUhEUgAAABAAAAAQCAIAAACQkWg2AAAACXBIWXMAAAsSAAALEgHS3X78AAAC60lEQVQozyXNC1PaaBQG4Py/4lqgVVAG666idUUuJkFoCC1I8pEYoMREuVksGoQFRLCiRYIwtbZKALltZ1rROvZ/FHfP+8yZOTPvzIEkSbr8evH1y/nV5UWjcdVsSs1mo/EfqSnVG1Jdql/VL+vSZaNRb123oGrl5OQoXSwkToqpSjlfqxxVz4rVSvFMPBLLH0Rx6PC0dFAu5c7ED5/PRegwJ+zFA/GoR4jR2SSf+yeYTQXTe5spgUsKXDoVzKZDmSSfTXL5bOT0OA2ldjfDrIOlzOuMOcpj0Q08xGK83xqgEXYNCa3bYyHndgiPhxyJd+AwE4V2t/wsBXvwvzz4Cz/x0kcs0M45Ep95s6J12aYY9wLvNQd9xojftM2/ygostBNeY4klYNO4V8Y8dg3ANIR10rUy6Vged8Aqwj7tc88HCB0P5iPe5VSMgfYidBDovZjag8o9FiWBKAn0ObmiWrWonZYJl1VL2qfBK+0aPs2RS0KEgrIxJkbreVzlRUdoeIQwyoB5lEKfA+vE8A+OaGxmDapXYUYN5ViMbQAov+OPM0ub+LgfkTGwDBifANMfAFaSFpUDUcN61fzM2AuNfH563I68DL4lobwQ2GYMHDbmhWUMOkohcg+sAMsKN6zEDMrFWcWk+ql8VDY5rkAMunXvKpSJvw1TSz7rGL084rU+82EqH6b2Dk9U+dqoMOjk2omnzxRPtBNKi2mO87mh/cTGu4CNc+nY11Ob5FyYXowy+i16IQJ0rHPWbZtBTX8a/p6ymGYpFxoL+6HjQjKzu54Ik0LImdoCmfd0bmctH6fy7z2ZLbATAhGO3AisRnggxLjCfgK6+FStlo/E432xmD77uF8r5T6d5j6XH52XD2qn+UqpUP54IJYKtcrJxXkN6nb67et2u9Vqt5qd61an3eq2W73Odb/b+bfX7fcep/uYbq/X7/e/Qd9//Bz6cXM/dDO4v7n5+b/B4P727uH27tfg7mEw3LcPQ8PCb434yu503l20AAAAAElFTkSuQmCC",
  "aspectRatio": 0.9800995024875622,
  "transform": null,
  "faces": [
    {
      "id": "0x299159ed060b55af-14-22",
      "faceId": "c1b5432d-f418-43a9-aef5-8f1c4287c839",
      "rect": {
        "top": 0.18961293,
        "left": 0.109,
        "width": 0.0545,
        "height": 0.05340519,
        "center": {
          "x": 0.13625,
          "y": 0.21631553
        }
      }
    },
    {
      "id": "0x299159ed060b55af-35-61",
      "faceId": "56e8fb71-1ce2-4553-a641-1059f4e86b33",
      "rect": {
        "top": 0.58353748,
        "left": 0.323,
        "width": 0.0465,
        "height": 0.0455659,
        "center": {
          "x": 0.34625,
          "y": 0.60632043
        }
      }
    },
    {
      "id": "0x299159ed060b55af-86-23",
      "faceId": "82f58dc6-9983-46bc-a616-a578be822129",
      "rect": {
        "top": 0.21117099,
        "left": 0.8345,
        "width": 0.044,
        "height": 0.04311612,
        "center": {
          "x": 0.8565,
          "y": 0.23272905
        }
      }
    },
    {
      "id": "0x299159ed060b55af-54-57",
      "faceId": "6b101d0b-2ba8-4b69-9891-f7c6e1e8d0ee",
      "rect": {
        "top": 0.54532092,
        "left": 0.521,
        "width": 0.044,
        "height": 0.04311612,
        "center": {
          "x": 0.543,
          "y": 0.56687898
        }
      }
    },
    {
      "id": "0x299159ed060b55af-15-40",
      "faceId": "effcbe51-ad8e-4d3d-a63c-b7a8fd6e3f72",
      "rect": {
        "top": 0.37432631,
        "left": 0.1315,
        "width": 0.043,
        "height": 0.04213621,
        "center": {
          "x": 0.153,
          "y": 0.39539442
        }
      }
    },
    {
      "id": "0x299159ed060b55af-82-37",
      "faceId": "c0cb1bb3-12cd-49c2-af5f-4f3d7374d24f",
      "rect": {
        "top": 0.34639882,
        "left": 0.802,
        "width": 0.0425,
        "height": 0.04164625,
        "center": {
          "x": 0.82325,
          "y": 0.36722195
        }
      }
    },
    {
      "id": "0x299159ed060b55af-64-38",
      "faceId": "a34145c0-e1bd-4345-b616-05915e8f4ae5",
      "rect": {
        "top": 0.3610975,
        "left": 0.618,
        "width": 0.0405,
        "height": 0.03968643,
        "center": {
          "x": 0.63825,
          "y": 0.38094072
        }
      }
    },
    {
      "id": "0x299159ed060b55af-63-23",
      "faceId": "581d422a-2253-408e-9b38-67784bc25c08",
      "rect": {
        "top": 0.21362077,
        "left": 0.607,
        "width": 0.04,
        "height": 0.03919647,
        "center": {
          "x": 0.627,
          "y": 0.233219
        }
      }
    },
    {
      "id": "0x299159ed060b55af-37-39",
      "faceId": "af1a4ea3-f0aa-42ea-9c5a-f128657709cf",
      "rect": {
        "top": 0.36991671,
        "left": 0.3485,
        "width": 0.039,
        "height": 0.03821656,
        "center": {
          "x": 0.368,
          "y": 0.38902499
        }
      }
    },
    {
      "id": "0x299159ed060b55af-30-22",
      "faceId": "8d42a774-c256-4494-a42b-618587f65b40",
      "rect": {
        "top": 0.20137188,
        "left": 0.2845,
        "width": 0.0385,
        "height": 0.0377266,
        "center": {
          "x": 0.30375,
          "y": 0.22023518
        }
      }
    },
    {
      "id": "0x299159ed060b55af-49-40",
      "faceId": "714e8292-d82e-4ed5-90e7-5512d083d535",
      "rect": {
        "top": 0.38461538,
        "left": 0.4755,
        "width": 0.0375,
        "height": 0.03674669,
        "center": {
          "x": 0.49425,
          "y": 0.40298873
        }
      }
    },
    {
      "id": "0x299159ed060b55af-48-21",
      "faceId": "da9ce883-4f54-4a2f-8582-d06a25946029",
      "rect": {
        "top": 0.19255267,
        "left": 0.4615,
        "width": 0.037,
        "height": 0.03625674,
        "center": {
          "x": 0.48,
          "y": 0.21068104
        }
      }
    }
  ],
  "people": null,
  "date": null,
  "location": null
}
