{
  "id": "0x20b64bc5323b0da7",
  "base64": "data:image/png;base64,iVBORw0KGgoAAAANSUhEUgAAABAAAAAQCAIAAACQkWg2AAAACXBIWXMAAAsSAAALEgHS3X78AAAC9UlEQVQozz3K+08SAQAH8PuL2mqWP7h0q1W0ilpqioDoHSCvQ14dx90BB+hxD4/kISjJI1RYD/MJgjMtH6mgx2G21lZmrfo70rbaPj98v/t+AUE8OjisVWt7+7X31YPd6uFuTditHe5UD7b29ja2d9Y23lZW10qrb8rr797u7leB9Y21yup8sVRYLk4XSzOlcr5cKays5JaWnr5+FclPs6nJoViMjI4NpzKxufkXwOxcIZ8fe5alU5O+dDqQzVK5KTqb9SfHkTCvDfplble7fVBqt3b5SXNyggeyz8bjY74nI4MMpWGCAxwH8yEryxqHSAVmv23Ttxihy5D8klbVilhloyEPkBgPs4zT74ZwZxeOygiiz+2FPEQvZn9g17UNgk2w6qJOfsHU34LbuiI8AYQjvN9rxRxKxNKBOrpQVOHCej2ozGO5i2lbneAVBGyyqS45Na0BRJYY9QI8z+BO2GaSO+BHBKokPf1DZB+Ld3O2O7S+LaBu9oKXUdVFQnOVdsomoyTAcrTDZjJoFWaD3IurOUoXY7RJn3LCcT9quM5pWvxQM6ZqIjRtjEueiQeAIEPDZrhXpQQhBYoM8JQxxeqnyb6s9WFCJxnRXvNr21zqq7hBwrqhbJIGKCaoM5k6ZPJ2WbfeAAYw9YQHzCE9ab00ppYwulukUYIaJZi1gw7AqckQEGSDeth49pa2P1T1dSPGbs7cmdBL4/03Q+ANyiDxWO45LVLX4x5q2PY0FQEiY2GMQHQGCITkJqMKtyhZa08U7owZ7o+aH4w4Oymih8QVPu/ACO/O5JJA/nkhnghzrI8exkIsHuOwJIumg44MZcmw1vSoIxlF42FXPOZLZ6Kv518CG+82V8rFxcWXC3P55YVCcSFfnJ8pzU6VZnPluanK4nRpaWZ5YWZ56UVltbi5vQUcffwsHh2LjYbYqDcadbEh1EVBqAuCcFivC6J4rn5ObHw4Pv70Gfhy8vPr6c+T018n3/86/XVW/zmr/8P5+u3H7z/hA6nhH4DIpAAAAABJRU5ErkJggg==",
  "aspectRatio": 0.9776859504132231,
  "transform": null,
  "faces": [
    {
      "id": "0x20b64bc5323b0da7-82-30",
      "faceId": "0b9242cb-4efe-4c57-a60c-321926a692b5",
      "rect": {
        "top": 0.27077224,
        "left": 0.787,
        "width": 0.062,
        "height": 0.06060606,
        "center": {
          "x": 0.818,
          "y": 0.30107527
        }
      }
    },
    {
      "id": "0x20b64bc5323b0da7-22-34",
      "faceId": "d75f1719-82bd-481a-a596-961292db9efa",
      "rect": {
        "top": 0.30987292,
        "left": 0.19,
        "width": 0.0575,
        "height": 0.05620723,
        "center": {
          "x": 0.21875,
          "y": 0.33797654
        }
      }
    },
    {
      "id": "0x20b64bc5323b0da7-34-26",
      "faceId": "05c9809d-a644-4172-8c2d-4794133f7634",
      "rect": {
        "top": 0.23216031,
        "left": 0.307,
        "width": 0.056,
        "height": 0.05474096,
        "center": {
          "x": 0.335,
          "y": 0.25953079
        }
      }
    },
    {
      "id": "0x20b64bc5323b0da7-62-30",
      "faceId": "0aa81fe5-0f8b-4837-859e-a772ea6635a6",
      "rect": {
        "top": 0.27761486,
        "left": 0.59,
        "width": 0.0545,
        "height": 0.05327468,
        "center": {
          "x": 0.61725,
          "y": 0.3042522
        }
      }
    },
    {
      "id": "0x20b64bc5323b0da7-57-23",
      "faceId": "038e2982-6b3f-48e4-ad19-316e9cfb1eae",
      "rect": {
        "top": 0.19990225,
        "left": 0.5385,
        "width": 0.0535,
        "height": 0.05229717,
        "center": {
          "x": 0.56525,
          "y": 0.22605084
        }
      }
    }
  ],
  "people": null,
  "date": null,
  "location": null
}
