{
  "id": "0x20b64bc5323b0da7",
  "base64": "data:image/png;base64,iVBORw0KGgoAAAANSUhEUgAAABAAAAAQCAIAAACQkWg2AAAACXBIWXMAAAsSAAALEgHS3X78AAAC9UlEQVQozz3K+08SAQAH8PuL2mqWP7h0q1W0ilpqioDoHSCvQ14dx90BB+hxD4/kISjJI1RYD/MJgjMtH6mgx2G21lZmrfo70rbaPj98v/t+AUE8OjisVWt7+7X31YPd6uFuTditHe5UD7b29ja2d9Y23lZW10qrb8rr797u7leB9Y21yup8sVRYLk4XSzOlcr5cKays5JaWnr5+FclPs6nJoViMjI4NpzKxufkXwOxcIZ8fe5alU5O+dDqQzVK5KTqb9SfHkTCvDfplble7fVBqt3b5SXNyggeyz8bjY74nI4MMpWGCAxwH8yEryxqHSAVmv23Ttxihy5D8klbVilhloyEPkBgPs4zT74ZwZxeOygiiz+2FPEQvZn9g17UNgk2w6qJOfsHU34LbuiI8AYQjvN9rxRxKxNKBOrpQVOHCej2ozGO5i2lbneAVBGyyqS45Na0BRJYY9QI8z+BO2GaSO+BHBKokPf1DZB+Ld3O2O7S+LaBu9oKXUdVFQnOVdsomoyTAcrTDZjJoFWaD3IurOUoXY7RJn3LCcT9quM5pWvxQM6ZqIjRtjEueiQeAIEPDZrhXpQQhBYoM8JQxxeqnyb6s9WFCJxnRXvNr21zqq7hBwrqhbJIGKCaoM5k6ZPJ2WbfeAAYw9YQHzCE9ab00ppYwulukUYIaJZi1gw7AqckQEGSDeth49pa2P1T1dSPGbs7cmdBL4/03Q+ANyiDxWO45LVLX4x5q2PY0FQEiY2GMQHQGCITkJqMKtyhZa08U7owZ7o+aH4w4Oymih8QVPu/ACO/O5JJA/nkhnghzrI8exkIsHuOwJIumg44MZcmw1vSoIxlF42FXPOZLZ6Kv518CG+82V8rFxcWXC3P55YVCcSFfnJ8pzU6VZnPluanK4nRpaWZ5YWZ56UVltbi5vQUcffwsHh2LjYbYqDcadbEh1EVBqAuCcFivC6J4rn5ObHw4Pv70Gfhy8vPr6c+T018n3/86/XVW/zmr/8P5+u3H7z/hA6nhH4DIpAAAAABJRU5ErkJggg==",
  "aspectRatio": 0.9776859504132231,
  "transform": null,
  "faces": [
    {
      "id": "0x20b64bc5323b0da7-82-30",
      "faceId": "b091b49d-64ba-4d47-9158-9508387d8e5b",
      "rect": {
        "top": 0.2703666,
        "left": 0.78645833,
        "width": 0.0640625,
        "height": 0.06262729,
        "center": {
          "x": 0.81848958,
          "y": 0.30168025
        }
      }
    },
    {
      "id": "0x20b64bc5323b0da7-22-34",
      "faceId": "90d0c599-45aa-40d6-b2b2-f1c8e90892e1",
      "rect": {
        "top": 0.31008147,
        "left": 0.18958333,
        "width": 0.05729167,
        "height": 0.05600815,
        "center": {
          "x": 0.21822917,
          "y": 0.33808555
        }
      }
    },
    {
      "id": "0x20b64bc5323b0da7-62-30",
      "faceId": "5016c85b-8893-46cd-bcbf-08855674316b",
      "rect": {
        "top": 0.27647658,
        "left": 0.58854167,
        "width": 0.05677083,
        "height": 0.05549898,
        "center": {
          "x": 0.61692709,
          "y": 0.30422607
        }
      }
    },
    {
      "id": "0x20b64bc5323b0da7-33-26",
      "faceId": "30c90391-a959-48e4-9ad9-2ac89912b080",
      "rect": {
        "top": 0.23167006,
        "left": 0.30625,
        "width": 0.05625,
        "height": 0.05498982,
        "center": {
          "x": 0.334375,
          "y": 0.25916497
        }
      }
    },
    {
      "id": "0x20b64bc5323b0da7-57-23",
      "faceId": "33a6e41a-1374-42b8-8b24-9a6c5b427e64",
      "rect": {
        "top": 0.20213849,
        "left": 0.54166667,
        "width": 0.04895833,
        "height": 0.04786151,
        "center": {
          "x": 0.56614584,
          "y": 0.22606925
        }
      }
    }
  ],
  "people": null,
  "date": null,
  "location": null
}
