{
  "id": "0x20b64bc5323b0da7",
  "base64": "data:image/png;base64,iVBORw0KGgoAAAANSUhEUgAAABAAAAAQCAIAAACQkWg2AAAACXBIWXMAAAsSAAALEgHS3X78AAAC+ElEQVQozzWIaVMSAQCG989Umh8qLZ1y1MoMRGVZFrkEFDl2YYFFRHRZRIhD5JYFy9QsG5RLU0vL0VI82dTsg0f6Qf0paU4zz7zzPC+wTe9vbO3kN9fzG2vrm2vrW/mN7bWNrdX85spqfml5ZXFx6cv8wvznxYWrWN/cAb4ufZudy2Rz4+nM20x2JDs9Nv1pLDc9nErHJib8I8OuWMzuD5CBoPP1m1g6kwKm0h9HR8PxeG8kYo5Gu6g4kRgiKcoSDGIuh4TognCMpVYwUIRL9GAUFQRGRhPBAOHsUxDdfKJHaLPJ7I52m03aZQK1qqp28X0JXMJrKhbBFRjK83lJgIqHHX242cjXIUwMZel0HAPOw/UcTFmrEJbJoCIJeFvQcEvKLcMRaMBDAOFwgLBo9GoIaatDlUwUbdJqQQPKMrRVa/mlCPeuCiqWg0WIoNyCwaF+EvD7fSZcrZaxVdKXOqTRaIDMRg6B1VvlVd3CUhNcooeKEfYdjP+IxODYgA3w9nt1GqVUyG4Ts3AMtnUL3AR/oIPdr3jqFJUTvHtGqARlF2P8cpu+ORG0A26vR6VWcrkgDDeg6ma7RRSyCikjGG6rdfOfWHkPjbxSBH6AtVTbOiSJiAtweTxypYLZ2FTHZIjEYKeG6zNAg8r6kKDayX3czX+sFz9RiSs17UyrRUnFfIDL65WrFIyGhpra5xyQoRYzSGmdR1DtBitITkWnqFLXWqNsfYaq2T09aDQWACKDUZPZKJGJmpvBVgmkl3PI9iaXjOlpeeForSMRlkXPxnUck0nqeGUeGo4DE8lkJBpyOq291o5XvSZfX0fYjg+SOsqqidm1Ubc+5MV9HqN/wJoYCk2mJoGlldXZublMZjI99SGb+pBLvc9NjeeS76aTYzOTYzPpd7nMeCY1ns0m5+Znl7//AHZ/HdK7BwV6r0D/pGm6QNM7BXp7p3DFlRT+PwV6l9472P99CByenB/9uTg+vTg5u94rjk7Pb7jJ42v552eXJ2eXfwHyXojhzFO6XwAAAABJRU5ErkJggg==",
  "aspectRatio": 0.9782786885245902,
  "transform": null,
  "faces": [
    {
      "id": "0x20b64bc5323b0da7-82-30",
      "faceId": "a70f8d7c-6b1a-402f-8dc5-4dfa43b196cc",
      "rect": {
        "top": 0.27254203,
        "left": 0.78333333,
        "width": 0.06354167,
        "height": 0.06214977,
        "center": {
          "x": 0.81510417,
          "y": 0.30361692
        }
      }
    },
    {
      "id": "0x20b64bc5323b0da7-22-34",
      "faceId": "cb487b82-ac7c-4220-a021-87d0d856b6b0",
      "rect": {
        "top": 0.3117677,
        "left": 0.19166667,
        "width": 0.05885417,
        "height": 0.05756495,
        "center": {
          "x": 0.22109376,
          "y": 0.34055017
        }
      }
    },
    {
      "id": "0x20b64bc5323b0da7-62-31",
      "faceId": "bd1f7ba5-8533-46fd-82da-6979784e7d9b",
      "rect": {
        "top": 0.27916454,
        "left": 0.5890625,
        "width": 0.05520833,
        "height": 0.05399898,
        "center": {
          "x": 0.61666667,
          "y": 0.30616403
        }
      }
    },
    {
      "id": "0x20b64bc5323b0da7-34-26",
      "faceId": "ed8547b1-7960-44d1-bd0b-b2a7c22c6cfa",
      "rect": {
        "top": 0.23484463,
        "left": 0.31041667,
        "width": 0.053125,
        "height": 0.05196128,
        "center": {
          "x": 0.33697917,
          "y": 0.26082527
        }
      }
    },
    {
      "id": "0x20b64bc5323b0da7-57-23",
      "faceId": "8a49f8ce-c73f-4b8c-8e41-a198e8b9986b",
      "rect": {
        "top": 0.20326032,
        "left": 0.53958333,
        "width": 0.05104167,
        "height": 0.04992359,
        "center": {
          "x": 0.56510417,
          "y": 0.22822212
        }
      }
    }
  ],
  "people": null,
  "date": null,
  "location": null
}
