{
  "id": "0xa3994da4320bd5e7",
  "base64": "data:image/png;base64,iVBORw0KGgoAAAANSUhEUgAAABAAAAAQCAIAAACQkWg2AAAACXBIWXMAAAsSAAALEgHS3X78AAADDUlEQVQozy3LaVMSAQDG8f0imZVHB1agKCISKEnqTCYiKBjKuoCwLrAqYCWyCAsmHiTq4JQikHjgkZnlhYGmsqiVHZraXR8kppr5zf/FM/MAkcircGhlY22B2Hi+t726S0RixGY0urWxubEWWVtaXX6xsrQcWgmvR7ai0Z29t0BwcmLM65r24ovjeHjOGZofXJz3zs+NTk17/aODD4edg0PdHm/vRNCzsDCz9nIVGOjr6bSqe82V3g7BrFsWfIj6B++6+4xdXc1WG2qywG04fN+B9g9gPp9rdnYcsOOYXl1hkDNtmmw3xnXjPKdFZL4jatSW18O8ek1Zk17YYrxtsypdzhbfyABgxoxKqAyqyNJWk60oo92Qb2ni6pQcuYRVLWZJQS6MlDQ28O7pxTYMcbscAIYZISlfVEaDRGS9KvuemtGsYiASmqQsg3+TyuczqiQcWS1Xoywx6sAHDgtgNrfKQL6onF5bld6oojep6Ig0E+ST+YWkG/mkvPwrBUUZvFtZoDhPVy/uspkAq8WklAtqxExlLU2nzkXr6LJKirCYVMg+z6CnkKnJ6bRUFuuikEdHVRWd8YMNxxCVSC7lIApms4aNKhiggFJacImdk0KhnE0lJaZcPkOhJhcXZcEKoSN+aG9vQzXVSugGImfpYXYDlCMTpAsKSRxGCoV8JunCqcTzCalpidfy0mvBcjveCnQ4cLQBlENFihqmFmRoJDSVMENacrWUc5GZdS6NlJB0ISH50ulsJrmqmm+xtgJ9/U5jq1arrlQrinWKQoOca4CuN0k5ShFLVEIvup7JYlNz86jFpQV1COTodgCB8YCrv6vdfhc3qTtM9Z0muAeDuzG4o0Vl1ssNWkiDQDACNRq0dofd4/cDofD602fzk5Nj46MjwYBnKjA8ExieHfPEG3w8FPAN+UYeeUaG/IHH00/mlkNhYP/D0e6b98TO6yixQ/wVI2L/RWPRbWJri9iMl9iN7e2/eXcInHz9ffLl1/E/n3/GHZ38+BR3/OPw6PvBp68f/zo4+nZ4HN9//gFmnnyXxFqLOwAAAABJRU5ErkJggg==",
  "aspectRatio": 0.977850697292863,
  "transform": null,
  "faces": [
    {
      "id": "0xa3994da4320bd5e7-50-40",
      "faceId": "1ec53816-b0d4-4958-bf9b-97bbfc69f61a",
      "rect": {
        "top": 0.33927662,
        "left": 0.44010417,
        "width": 0.1171875,
        "height": 0.11462048,
        "center": {
          "x": 0.49869792,
          "y": 0.39658686
        }
      }
    },
    {
      "id": "0xa3994da4320bd5e7-89-35",
      "faceId": "2f0c74e2-87a1-44cb-a9fe-ae6771247db2",
      "rect": {
        "top": 0.30667346,
        "left": 0.84114583,
        "width": 0.0953125,
        "height": 0.09322466,
        "center": {
          "x": 0.88880208,
          "y": 0.35328579
        }
      }
    },
    {
      "id": "0xa3994da4320bd5e7-40-29",
      "faceId": "1f87ea92-fb2d-40b1-b6f0-95eb92655d70",
      "rect": {
        "top": 0.24758023,
        "left": 0.35572917,
        "width": 0.08854167,
        "height": 0.08660214,
        "center": {
          "x": 0.40000001,
          "y": 0.2908813
        }
      }
    },
    {
      "id": "0xa3994da4320bd5e7-18-31",
      "faceId": "031f6dca-f39e-477e-87b7-3de9d229fb04",
      "rect": {
        "top": 0.27508915,
        "left": 0.14479167,
        "width": 0.08020833,
        "height": 0.07845135,
        "center": {
          "x": 0.18489584,
          "y": 0.31431483
        }
      }
    }
  ],
  "people": null,
  "date": null,
  "location": null
}
