{
  "id": "0x24b1588c0603558b",
  "base64": "data:image/png;base64,iVBORw0KGgoAAAANSUhEUgAAABAAAAAQCAIAAACQkWg2AAAACXBIWXMAAAsSAAALEgHS3X78AAADCElEQVQozx2L+z9aAQDF7/+zxy8zr1YeK8bMKKJIKo/CCuUxstR1Q1SkElmiB0m5qnsrU3luit72YMY2/B9rPuf7OZ9zzudzgGT6ayyZjMZjp7HoaTwWiZ1FoqeRs3A4chIOH0dODs6+7EaOfOGjnZPPB6dnUeDLyfHBUWBv3x/a9wX3/Z+CiO/Ttte7iXhsHpfJCxt8Tq17Te60KJ22JcQDA6EQ6vfbUXQN8Vo96JoTXl5b164Yp5f1kEEnWtUNmTS9i9Ns1ThnTj5kNGiB3V0YRUwet8HlWoK3Fq0WhV4nUk13K6B2uaR5BmySi+rFfW+Heoijw61qlRQIBLdR1ORy6bec2o31GeOCSC3rnBppgAaIYv4bUU/FQFdZB7OYzXzV39s0K5cAuwHY5TFuODQrZtmiTqSUdkgH6sS88g9dhEF2MZdVyKBia6tyKLWFvA6qUjYKeHccNqd+yTwl1wyLwQ4Bt6abiec34wSsAi4DR6/HVFY8Ly56WlGe28aqnYRGABi1Gdc1Sr1EOMHt5DfSaKVUEqaFnNdJw7Y34sjEfDzhWS7mER6f3UwnQaAQ2HRb9ZbZce2IAOSweBQStbS6Cksj5rMpWDYVRyFiCCVZeS8e4wnZdDpJIhkG7C6zblUJqYf6QA5HQGtkVlLqXraQC3hUHJeKo9dgXpdlFRQ+LivLZjJIYOaw7jBqDDJotn8Y4vQLme+4ZE5LRTejZJBRJGjCtdZjiJVZpYQnVZU57a010JgQ2HCsLCxPKzRCmZI/OdUDSjii90ywv1HKJ4t51QLOm1ZGaVNDURujfLCPNaOcABDEuWE3mK1zJpPCtKr4uCRbmJcuqiV61ci84r1ysk8KdktEneNjvWoVZLEYgcPDg1DIHwx4ggF3MOjx77hQ3zbq3fIim4jbtg1bHQ6z3b6y5bSgCBzaCwHJ5HkimfqvdCp1nk6kzmOp83iGZCqRTMQT8Vg8Fs0oHk+k0ulvP4DvF9cXlzeXV39+Xv+9urm9urn79TvDfYbrTMjUm9sHv3tY7v8Bn+KzTgjt8F8AAAAASUVORK5CYII=",
  "aspectRatio": 0.978494623655914,
  "transform": null,
  "faces": [
    {
      "id": "0x24b1588c0603558b-42-37",
      "faceId": "8a14f51b-8491-4f3b-99a7-f95aed63e0c5",
      "rect": {
        "top": 0.33365949,
        "left": 0.387,
        "width": 0.0705,
        "height": 0.06898239,
        "center": {
          "x": 0.42225,
          "y": 0.36815069
        }
      }
    },
    {
      "id": "0x24b1588c0603558b-59-26",
      "faceId": "d132e591-29d3-4383-9744-d580d3cb607f",
      "rect": {
        "top": 0.23287671,
        "left": 0.555,
        "width": 0.0635,
        "height": 0.06213307,
        "center": {
          "x": 0.58675,
          "y": 0.26394325
        }
      }
    },
    {
      "id": "0x24b1588c0603558b-49-29",
      "faceId": "f0146a39-4ef5-4966-9942-182d3d521bba",
      "rect": {
        "top": 0.26418787,
        "left": 0.4585,
        "width": 0.0625,
        "height": 0.0611546,
        "center": {
          "x": 0.48975,
          "y": 0.29476517
        }
      }
    },
    {
      "id": "0x24b1588c0603558b-20-73",
      "faceId": "18beffc4-086c-4cb1-bb52-508fd2059e08",
      "rect": {
        "top": 0.71183953,
        "left": 0.1785,
        "width": 0.036,
        "height": 0.03522505,
        "center": {
          "x": 0.1965,
          "y": 0.72945206
        }
      }
    }
  ],
  "people": null,
  "date": null,
  "location": null
}
