{
  "id": "0x2834986d168bad97",
  "base64": "data:image/png;base64,iVBORw0KGgoAAAANSUhEUgAAABAAAAAQCAIAAACQkWg2AAAACXBIWXMAAAsSAAALEgHS3X78AAAC/UlEQVQozzXKZ09aARiG4fNHbIOaGtqkQa1FqyIgHEAFB4pIXThQkXkGe8gQcOAAXJCatooCDvS4U2OIJiYytG0qjg/qTyk0aXLlzZ28DxC7uDyNxQ5PjqN7u5HtzdBmeD0rshqJrIQiK+uR1VAktLEZxbCTH6cXl1fA4fFheGtt8YvX5bYabRqtGdaYYbUJgfWwXAXJYEiBQIgGtthNcwveja1NYCOzDrhNVnn/MI/XzmzkUTPqWyg1DWQai0Shk6h0EqOmii/gIKjE6/MAwaB/akoHI4K2z1WsWgKZUlBVlV9ZmVdWiisqxhEIuEICrqQ4l0Er7u3hORwW4OvyrGtUAcm53R0kHvcDh4FnknPpFa+on3JIxJxK4msyEUch4hrohaIurt1qApbmx836AYWYI+6jSXqpIkFpR/07Piu/lZHbDObxwAIBHS+gvu2pK1P2tjptZsDncarhbnF/jWwA1Ctq9RKaouvjYAte1PRGxMVLmgkQt0TBLoG4FK2ofdw+Avi8ThTuHupjQmLQpm1wadlmKRkVFkEd75HOQkNPhVVYbeBT1HymdrBzzG4B5udcWpVQImLAYqpdWzdh4rjU4Iik3CgimgbL7VKGU8oxCJlQew061OkatQBLCy6zrkcpBlFxpRWljelZEzqGE6bYZCSbvHoUYdvgRnSANdzNUkg6nU4rsDDnGDEI4WEQHSo3Q2SHhjauo4+pqh1QtQ0CLShHD3Gkg+BAH1Op7JqYHAUCfrfLLjOqeSaU7TQ0uC3cWVuzx9I8beKO61vser5Rw0egJgRuG7HIF5dmgXD4e8A/4Z3R+aaRgE+1vKD+ljGnWvag/hl0flrtmdK4J1UzM8ZAYHpjKwScnp0dHGEYFt7D1g4P1o8z9teOsODBzsre9spudHUnGoxGgxgWOT7Zj52fA6mbP/HUz3gylUgmk9fJ1HUqeZ3tRCJxFY//k7hKJDKD1M2vm99p4Pb++fbhOf3wlM7e57vH5/RjNtL3T7f/ZTr7eni5e3z5C+UjfWacBbq1AAAAAElFTkSuQmCC",
  "aspectRatio": 0.9786710418375718,
  "transform": null,
  "faces": [
    {
      "id": "0x2834986d168bad97-37-40",
      "faceId": "2f6b3d4e-26b6-4cf1-9f0e-f2926c3d510e",
      "rect": {
        "top": 0.36850153,
        "left": 0.3375,
        "width": 0.0625,
        "height": 0.06116208,
        "center": {
          "x": 0.36875,
          "y": 0.39908257
        }
      }
    },
    {
      "id": "0x2834986d168bad97-13-31",
      "faceId": "faf2f8b1-c31d-45ca-890c-4e675101826d",
      "rect": {
        "top": 0.2833843,
        "left": 0.09895833,
        "width": 0.0578125,
        "height": 0.05657492,
        "center": {
          "x": 0.12786458,
          "y": 0.31167176
        }
      }
    },
    {
      "id": "0x2834986d168bad97-86-27",
      "faceId": "21af55bd-5477-4c22-8f87-cf787bc26736",
      "rect": {
        "top": 0.24974516,
        "left": 0.83541667,
        "width": 0.04635417,
        "height": 0.04536188,
        "center": {
          "x": 0.85859376,
          "y": 0.2724261
        }
      }
    },
    {
      "id": "0x2834986d168bad97-30-32",
      "faceId": "69986b30-0c2e-412f-b30d-c6f78bcef316",
      "rect": {
        "top": 0.29816514,
        "left": 0.27760417,
        "width": 0.040625,
        "height": 0.03975535,
        "center": {
          "x": 0.29791667,
          "y": 0.31804282
        }
      }
    },
    {
      "id": "0x2834986d168bad97-58-27",
      "faceId": "90bbd22d-0f3b-4afe-9cd3-8db3ce1851f2",
      "rect": {
        "top": 0.24617737,
        "left": 0.56302083,
        "width": 0.03958333,
        "height": 0.03873598,
        "center": {
          "x": 0.5828125,
          "y": 0.26554536
        }
      }
    }
  ],
  "people": null,
  "date": null,
  "location": null
}
