{
  "id": "0x2492d96c164bfd83",
  "base64": "data:image/png;base64,iVBORw0KGgoAAAANSUhEUgAAABAAAAAQCAIAAACQkWg2AAAACXBIWXMAAAsSAAALEgHS3X78AAAC4ElEQVQozy3LCU/aABgG4P61ZcbExS3gMRVBBUS8ASHcFotcLZQWKKAgIocgFEFKATk2zLLoyJyKeM5zU//Hus3kyZsv75sPaHzdL9bquWJxu0DlioV8kd4pFrJUnsxltzJkIpWKp1IJMp2lqFqj0Tz8ASQyJBFcseGI2WFGcNjhhhHMaoIhw7JOZ1BrFlXqRZUO0iJOOLIZqX2qAZjfowRVE/PC8emRWdm4RDExI+ULxRzeWC+Hyx7isQZ5LC6/TyKfxNxwntoGzA6LWCLq537oG+oaEbCFE/2jAtbAUFdPbwe75y279y2r501vX4d4cghGwFw2CSAYPL8wyRtlc7ndIlH/zPTglPijUMDm897zh7v5nHcjA528wc65KY4DAXeYB/+qGwQVkrmx+elhpUygU4r0SpFGLtRIx7SzPJV4UC7okQjYGpnA4zRSuSSwlQgTuMVmVNqWZE6LkkA0PrvWi2i8VqUXkrm004hCZJILEYMs5LeXqDRQpTNkPBALoPFVOLWOZiNYLooxmQ05Mn7LphNcs6o8ywrCDsZCnjKVAQ72yjUqWUgFqaS/lA5UtoOV7UAls7qb8hXjrkwQDrsgD6zzoMaNNaKQI4Gj/XqjlKa2VsmIOx1xZ2IEGXWREYzccKbX7VG/2YPolkGZcUnlxu2prQRw0mxUqUQs6CRQCEdA3G5w2nSoVe2CtV6HHrdpIO2cZE4gkUwZTVB4YwM4+f6lnE8GfHabSQcZ1MYltWFRYdDLzJAStelRq35Jv7AgnZIrpBabNRrfBE6Pm7UKFYsGCQLDMAeOO1AURlEr4UZDASK85lvxuTAngrvwcCRSoMvA+Xm72Tyo16sFms5TFGMnv8OgabpSqdRq1fJumZnoUrn+eW//2yFwdX17dnHdal8ct87+OzppM45b50zZal8yeXLK3Jft8+uLqzvg6ubx592vm/vft/dPfz083z48vXptnu4env95uXt8+QOQQMQPvZOZTAAAAABJRU5ErkJggg==",
  "aspectRatio": 0.9792703150912107,
  "transform": null,
  "faces": [
    {
      "id": "0x2492d96c164bfd83-81-31",
      "faceId": "32ccdafd-9236-427f-a2a4-978dce6d6863",
      "rect": {
        "top": 0.27668952,
        "left": 0.779,
        "width": 0.0595,
        "height": 0.0582762,
        "center": {
          "x": 0.80875,
          "y": 0.30582762
        }
      }
    },
    {
      "id": "0x2492d96c164bfd83-26-36",
      "faceId": "7bb55cf5-d931-4065-94b6-446489f9f4ed",
      "rect": {
        "top": 0.33349657,
        "left": 0.238,
        "width": 0.0475,
        "height": 0.04652302,
        "center": {
          "x": 0.26175,
          "y": 0.35675808
        }
      }
    },
    {
      "id": "0x2492d96c164bfd83-10-33",
      "faceId": "f573867e-31d3-4f87-b988-b34292de5633",
      "rect": {
        "top": 0.31243879,
        "left": 0.081,
        "width": 0.0445,
        "height": 0.04358472,
        "center": {
          "x": 0.10325,
          "y": 0.33423115
        }
      }
    },
    {
      "id": "0x2492d96c164bfd83-69-32",
      "faceId": "cdb5fde7-fa05-42a5-adca-7fbbbd5a33cf",
      "rect": {
        "top": 0.30166503,
        "left": 0.6705,
        "width": 0.0445,
        "height": 0.04358472,
        "center": {
          "x": 0.69275,
          "y": 0.32345739
        }
      }
    }
  ],
  "people": null,
  "date": null,
  "location": null
}
