{
  "id": "0x2492d96c164bfd83",
  "base64": "data:image/png;base64,iVBORw0KGgoAAAANSUhEUgAAABAAAAAQCAIAAACQkWg2AAAACXBIWXMAAAsSAAALEgHS3X78AAAC4ElEQVQozy3LCU/aABgG4P61ZcbExS3gMRVBBUS8ASHcFotcLZQWKKAgIocgFEFKATk2zLLoyJyKeM5zU//Hus3kyZsv75sPaHzdL9bquWJxu0DlioV8kd4pFrJUnsxltzJkIpWKp1IJMp2lqFqj0Tz8ASQyJBFcseGI2WFGcNjhhhHMaoIhw7JOZ1BrFlXqRZUO0iJOOLIZqX2qAZjfowRVE/PC8emRWdm4RDExI+ULxRzeWC+Hyx7isQZ5LC6/TyKfxNxwntoGzA6LWCLq537oG+oaEbCFE/2jAtbAUFdPbwe75y279y2r501vX4d4cghGwFw2CSAYPL8wyRtlc7ndIlH/zPTglPijUMDm897zh7v5nHcjA528wc65KY4DAXeYB/+qGwQVkrmx+elhpUygU4r0SpFGLtRIx7SzPJV4UC7okQjYGpnA4zRSuSSwlQgTuMVmVNqWZE6LkkA0PrvWi2i8VqUXkrm004hCZJILEYMs5LeXqDRQpTNkPBALoPFVOLWOZiNYLooxmQ05Mn7LphNcs6o8ywrCDsZCnjKVAQ72yjUqWUgFqaS/lA5UtoOV7UAls7qb8hXjrkwQDrsgD6zzoMaNNaKQI4Gj/XqjlKa2VsmIOx1xZ2IEGXWREYzccKbX7VG/2YPolkGZcUnlxu2prQRw0mxUqUQs6CRQCEdA3G5w2nSoVe2CtV6HHrdpIO2cZE4gkUwZTVB4YwM4+f6lnE8GfHabSQcZ1MYltWFRYdDLzJAStelRq35Jv7AgnZIrpBabNRrfBE6Pm7UKFYsGCQLDMAeOO1AURlEr4UZDASK85lvxuTAngrvwcCRSoMvA+Xm72Tyo16sFms5TFGMnv8OgabpSqdRq1fJumZnoUrn+eW//2yFwdX17dnHdal8ct87+OzppM45b50zZal8yeXLK3Jft8+uLqzvg6ubx592vm/vft/dPfz083z48vXptnu4env95uXt8+QOQQMQPvZOZTAAAAABJRU5ErkJggg==",
  "aspectRatio": 0.9792703150912107,
  "transform": null,
  "faces": [
    {
      "id": "0x2492d96c164bfd83-81-31",
      "faceId": "c10534a0-0624-4bf7-8eb9-aa71e29a0d79",
      "rect": {
        "top": 0.27842937,
        "left": 0.78072917,
        "width": 0.05625,
        "height": 0.05507394,
        "center": {
          "x": 0.80885417,
          "y": 0.30596634
        }
      }
    },
    {
      "id": "0x2492d96c164bfd83-26-36",
      "faceId": "e5ee9a29-67cb-4726-aa03-5c13bc4938e5",
      "rect": {
        "top": 0.33299337,
        "left": 0.23697917,
        "width": 0.05260417,
        "height": 0.05150433,
        "center": {
          "x": 0.26328126,
          "y": 0.35874554
        }
      }
    },
    {
      "id": "0x2492d96c164bfd83-10-33",
      "faceId": "81bb43c0-f227-483b-bc5f-582e4d80b3a4",
      "rect": {
        "top": 0.31106578,
        "left": 0.0796875,
        "width": 0.04739583,
        "height": 0.0464049,
        "center": {
          "x": 0.10338542,
          "y": 0.33426823
        }
      }
    },
    {
      "id": "0x2492d96c164bfd83-69-32",
      "faceId": "9621c328-4296-4486-b251-70c57d26da69",
      "rect": {
        "top": 0.30239674,
        "left": 0.67135417,
        "width": 0.04375,
        "height": 0.04283529,
        "center": {
          "x": 0.69322917,
          "y": 0.32381439
        }
      }
    }
  ],
  "people": null,
  "date": null,
  "location": null
}
