{
  "id": "0x28b45a6d160b05a1",
  "base64": "data:image/png;base64,iVBORw0KGgoAAAANSUhEUgAAABAAAAAQCAIAAACQkWg2AAAACXBIWXMAAAsSAAALEgHS3X78AAAC/UlEQVQoz0XO209SAQAG8PM/1Gqr9VBrtXXbWm259dDWZeVL9WABS9Qgrooo6AEDCjtchXPhEKiHw+GcgI7hgYM3FEFQRC6BZYlmW1Z/SrQe2n779r182wc0mo16vVKrbVZrpVqt3Fav/81qrVypbm5VNjbLxVKpUCoVtyrl+scGsF7KZ/NzS9nEYvZDZpVbzqVW8m38Si6VyXILmRl+PpZIRhJJhp9PrKwuA+nVdGyOIWcniUSASk4zKSKaCsWSRJSbZhJBasY/FUUx0oUQ7iATiCdZgFni0AQBRZFxxuOMod4YikVhnHb7ww5f2AGHHc6Q/VXAanr7xkYgQZYBgkup1x/IYRodorxGBrHSHidp8wbNMA66fQborcU8+UYXgLQB5xjhh9/HAXQpDc5QShpXUMgwjbwMu2yTZg+q9TplNrvC6BoagM0SFJLgHu1U0B6fAbyL/AhLKWifgoK1ERhsH8BBm0sOmUWgQSg1SLssw51W00OHvQ/FTVQcgBf4UTasonFlBNbS8HDIocMMekimGRGI+7seqMQdGvVlre4GaHkMeXVBBkAWUgY2rKZxdXvAIBrSLUdN3Rblo37RredPr/SKT0sUJ6Sa82rw3phTg1EAMp8E35PKiE9OefsjsIxwCzzmu6D6uvTZOZHwlKjnuFhxpFt1RqK7rbcNwCTg4Wf1sdALEu0lJp5PTwj9jvvQy2uD6rPd3Se7hMefiI+JZEeF8rM9g3eGrJqJacA3x5tYeiASeBHCJFOIwDfRCVlv6vVX5apLvbKLfaqL0sELEm2HEuwyOo3tS8xqzjeftnOsmX1niEY0ZEiKB8Qur2jcIbRAAotd8Mr11OLqG4dHYQKjOWCl2uBLZbZQZHK58HJ2cmEZTy1iiTTGJrH4LBpr45Ao54/zES6TymwAza8H9S/7WzutzU+7G9tf1xs7xY87xdqnQnW7UG2uVbbXtpr5crNQbm5UPlfru8D+wa/973/tff/9r/x38HOv7dtha/9wd+/Hbuuw1Tr8AzYYvZDFugh2AAAAAElFTkSuQmCC",
  "aspectRatio": 0.9784589892294946,
  "transform": null,
  "faces": [
    {
      "id": "0x28b45a6d160b05a1-55-33",
      "faceId": "3e64359e-0552-4942-a1bc-e3d71260fb62",
      "rect": {
        "top": 0.30479452,
        "left": 0.522,
        "width": 0.0605,
        "height": 0.05919765,
        "center": {
          "x": 0.55225,
          "y": 0.33439335
        }
      }
    },
    {
      "id": "0x28b45a6d160b05a1-61-39",
      "faceId": "0037bd7e-6bf3-4941-b6ea-aa5748de5388",
      "rect": {
        "top": 0.36692759,
        "left": 0.586,
        "width": 0.047,
        "height": 0.04598826,
        "center": {
          "x": 0.6095,
          "y": 0.38992172
        }
      }
    },
    {
      "id": "0x28b45a6d160b05a1-43-38",
      "faceId": "dab6c2e3-9735-4285-8ac6-ae78867215d7",
      "rect": {
        "top": 0.35273973,
        "left": 0.4055,
        "width": 0.0455,
        "height": 0.04452055,
        "center": {
          "x": 0.42825,
          "y": 0.37500001
        }
      }
    },
    {
      "id": "0x28b45a6d160b05a1-50-31",
      "faceId": "06b3f57b-4b19-4701-b4d6-477e2416b79d",
      "rect": {
        "top": 0.29109589,
        "left": 0.478,
        "width": 0.0455,
        "height": 0.04452055,
        "center": {
          "x": 0.50075,
          "y": 0.31335617
        }
      }
    }
  ],
  "people": null,
  "date": null,
  "location": null
}
