{
  "id": "0x33b2d9acc63b1d8b",
  "base64": "data:image/png;base64,iVBORw0KGgoAAAANSUhEUgAAABAAAAAQCAIAAACQkWg2AAAACXBIWXMAAAsSAAALEgHS3X78AAAC7UlEQVQozy3P6U/aABgG8P49Zh/mxMk4rKUWy1FOi0ULyCEWBGVyeAwPQChiQUDN5jbjBd5F4o2axU8DXNy+iMbtnxm6Jb88eZIn74cXKF19K56c7h0W9g4P2CO2eFo8vjg+uzwtXZ9dXp+Xrs7OLo6OT9iTU7ZUOr65uQZyuzvZ5UV6PhpLTicXwkvL9JdVZn0znctnN/PZtY35zyuJpU+Rj8vR1fUMW8gDmU8Lo6FAv9ds9+gHA+Ro0ByaoRJz7lRqKMm4YzQ1FbKMT/RMhMyzjH9lNQPQ6Tjls2vNciUp6upFTDYJNaD0ejtHR/ARn9rjklAUbLWDzkHp+KQtuxR7PrAP2zASRTR8iYYv17Zqu2DShFosHVYjZNRxddo3GryRNEOegIlJzwDMAuP0UZgeFUpaBEizEOGKpKBUJVKpITXGkyGvYaihDW7AtIJ+N0nPRYD00vyg34npUK6oqbn1DQ9+J5LDqBqVKZEOVAiCTW/5rziChnY530L1RGfDQGYx5fEPKHXoO4jDhTiQDFQQGG7QaggVqujgtwsbWzmNrY2wArRQZCQeBtILzPvAgJqQgB0tkIyHEWJDv87qIo19hJJQghjCEQs4CBfRwBanIUxPA8lMfMhPaUmpWMWT6UCdWWod7KI8pNVJ4CaVGEd5cpAr5SE43Osgp6ITQCI14/b1dRolMp1AY4D0NtTsUltdnWaHlrAoFN2oSNMmVPDFeLvR0TM586H+Q2JkYsjm0hv6FRaX2u7Bnd7uAa+hzuHpsbq69H1qjQkj+nCX30Eno8D65tdUNj4dGwtGhkO0L5IIxJixGPMhngzGU8HY3PgUHRgLe4PRsUSaXln7AlyUzgvFg63dXG5nbXt/fedgY6+Q2y/kDw632OJWPXfZ3NbexvZ+ni2y5xfnwN3dr+rtj3Kl8r1cLlfK5Wq5Uq1UqtXqbV3lpT9P3yv1cnv74yfw+Pjn4cXj4++HF7V6PvxX+6f2VKv9vr9/qvsLm/Rz6gEuFBAAAAAASUVORK5CYII=",
  "aspectRatio": 0.9818481848184818,
  "transform": null,
  "faces": [
    {
      "id": "0x33b2d9acc63b1d8b-43-24",
      "faceId": "d9157a6d-37c0-4dd4-8783-6373b00025af",
      "rect": {
        "top": 0.20920716,
        "left": 0.39375,
        "width": 0.0625,
        "height": 0.06138107,
        "center": {
          "x": 0.425,
          "y": 0.2398977
        }
      }
    },
    {
      "id": "0x33b2d9acc63b1d8b-64-25",
      "faceId": "b5321f14-6a81-415b-b747-9b00fa2cbfeb",
      "rect": {
        "top": 0.22710997,
        "left": 0.61822917,
        "width": 0.05208333,
        "height": 0.0511509,
        "center": {
          "x": 0.64427084,
          "y": 0.25268542
        }
      }
    },
    {
      "id": "0x33b2d9acc63b1d8b-58-33",
      "faceId": "769697b4-2714-4f76-a820-9efdffc47859",
      "rect": {
        "top": 0.3084399,
        "left": 0.55260417,
        "width": 0.0484375,
        "height": 0.04757033,
        "center": {
          "x": 0.57682292,
          "y": 0.33222507
        }
      }
    },
    {
      "id": "0x33b2d9acc63b1d8b-36-21",
      "faceId": "63983bfe-785b-4db8-8a79-7dcdae158904",
      "rect": {
        "top": 0.19232737,
        "left": 0.334375,
        "width": 0.04270833,
        "height": 0.04194373,
        "center": {
          "x": 0.35572916,
          "y": 0.21329924
        }
      }
    },
    {
      "id": "0x33b2d9acc63b1d8b-59-42",
      "faceId": "0f8ffc9d-563c-4e8e-a886-ace34e084b7c",
      "rect": {
        "top": 0.40460358,
        "left": 0.57395833,
        "width": 0.03177083,
        "height": 0.03120205,
        "center": {
          "x": 0.58984374,
          "y": 0.42020461
        }
      }
    }
  ],
  "people": null,
  "date": null,
  "location": null
}
