{
  "id": "0x33b2d9acc63b1d8b",
  "base64": "data:image/png;base64,iVBORw0KGgoAAAANSUhEUgAAABAAAAAQCAIAAACQkWg2AAAACXBIWXMAAAsSAAALEgHS3X78AAAC30lEQVQoz23LWU/aAAAA4P6nmSxZnMdwCBZBaLmqlrMcIiKUoihqVZT7GodANZvTBK8hIKdDZB7J9iCHuqepcfslY9kel3yvH1C/ui5Xq7lyPlvKFU7zlbNStX56flm9uK5dXZ9fXtfqF5+r54VqLf/lovL12yVwmE1TO5vBpD+YcMXfez/shlL7saM0lcluHWe2jtLJ1H50e9fXsX8YLxQPgMQ2tewjcVKPL6ps9ok195Q/RMTj85vUApWcj0QIf8Dg8Khdfl14w7abigGBRNBEGqXTCDrJxQzwpElIWFFyRbm+plxflZDzwtmZERMBWmyw3aVLbHmAYCJoXDQgOj4kZ/JlQyLZ8LiKp9YLDdMCk54ziQ1gsh6pvFs9NWQlsXDcCUQ2I2bSKFLDTNEAHaINwnRQxIYlvFHpCDo6KIK6R9hdIOeFAB2Yssh9YSewsRWdIXGhHKJxentZPQPcQRCBIKlIgMKQkDXE7utnvHzN6GIJaVqjzBPsBCoyu4SLpDwau+cNu48lHkbUqFyvlGik8LiQDoHdrP5X4GtQzNQaFe6gA4gl31mX8FEFzIRpw+JBRM3Xzahxm15v1oxppKxxfp8A7IXpHAl7woy5Ag4gHA/MkkZUw4dQhhhjY0bEvKixLuvxOa3SIONjYsY45y3C5Cq4WgJb99mBUMxjWTLIJgWIiiWf4k5YEHxBQSyoTHNKrUmC6sQ8JReUgJCSpyFUdu8KsLEZIh1WgxXTWcZMNpmFxOZWdfOr+g4rqcNtGg0hkxrGlLicIHF/xAukDnZiVMgdWnUGFnxRMhi3h5OOcMIVpdwxyh1OOL0R+3qAdITWwsnQ7t5HoFY/y5dO0rnDT9m9TP4gVzzKl9OF8nGxki2dZouVzEkpnckfZQrpQiVfq9eAu/vvrXb7ptm4ad40Wo1mu9m6bbbarfbtP612s9H6o9lu397dA09Pvzoen37+3+Nzx8NfD88/Hp5/AwXYlWC2Yy3wAAAAAElFTkSuQmCC",
  "aspectRatio": 0.9825291181364393,
  "transform": null,
  "faces": [
    {
      "id": "0x33b2d9acc63b1d8b-42-24",
      "faceId": "7cfd83ca-e111-4b2e-8fa6-08c9f7e07779",
      "rect": {
        "top": 0.2062436,
        "left": 0.39322917,
        "width": 0.0625,
        "height": 0.06141249,
        "center": {
          "x": 0.42447917,
          "y": 0.23694985
        }
      }
    },
    {
      "id": "0x33b2d9acc63b1d8b-65-25",
      "faceId": "6a987c50-6fbb-41a4-bb07-8082859bd8ec",
      "rect": {
        "top": 0.22364381,
        "left": 0.61927083,
        "width": 0.053125,
        "height": 0.05220061,
        "center": {
          "x": 0.64583333,
          "y": 0.24974412
        }
      }
    },
    {
      "id": "0x33b2d9acc63b1d8b-58-33",
      "faceId": "fdc3c547-9f91-45d7-95a8-ca76e0639384",
      "rect": {
        "top": 0.30706244,
        "left": 0.55416667,
        "width": 0.04791667,
        "height": 0.04708291,
        "center": {
          "x": 0.57812501,
          "y": 0.3306039
        }
      }
    },
    {
      "id": "0x33b2d9acc63b1d8b-36-21",
      "faceId": "5a90d2c4-783e-4303-b41f-2245c4c676e8",
      "rect": {
        "top": 0.1888434,
        "left": 0.33333333,
        "width": 0.04375,
        "height": 0.04298874,
        "center": {
          "x": 0.35520833,
          "y": 0.21033777
        }
      }
    },
    {
      "id": "0x33b2d9acc63b1d8b-59-42",
      "faceId": "8e89328d-39f5-49b5-9abb-eeb11fb8b144",
      "rect": {
        "top": 0.40327533,
        "left": 0.57552083,
        "width": 0.03072917,
        "height": 0.03019447,
        "center": {
          "x": 0.59088542,
          "y": 0.41837257
        }
      }
    }
  ],
  "people": null,
  "date": null,
  "location": null
}
