{
  "id": "0x32914aacd2bb8d8b",
  "base64": "data:image/png;base64,iVBORw0KGgoAAAANSUhEUgAAABAAAAAQCAIAAACQkWg2AAAACXBIWXMAAAsSAAALEgHS3X78AAAC9klEQVQozyWP6VMSAQDF979pahzNDBDdRVhYZMGVRU5BDheLgFQOLzxYrhUR8KjEBM8EVFTU0NGmQU2FsuOTCk1/Tahvfh/evDfvwwOOv55mc4eb2d2N3cxmNrO1t5XJbu3sb2c/Z/dy2YN7dg8Od3NHeydfcvn8MbC6kZ6af+ePBrwRMjjjibz3zMR8sXgwsRJZXIkurkQSy+H4UnhpdSaZXsjup4HI3KyD7Dc6Ogm72jqocY5oRzzEeMgSnbZNTdvDkZ6JSSsVsoaizg/zvvXkPOCLBLscryRES6uBp3rdrDejZpt4wKUkyQ4vqRkbUbhc0gGXdNSjq2wWl6cAfzRI2AhhRzOiZIk0HLEWURJCo0Xc3SOxv8V63/CtJq7ZwrX3S7yUObYQAqjohN6qh9tgJsoAW0BWK4eDI6iML5FzlW2QSkxX4nUK+UuDkesc1Edn/EBgclxt1DCRhurGmtomOo3XxOBzQQHM4UMITEdYNTDrGZvzVChmdJrkPmoE8E9QKr2KzmZU0atqQRoTYUMon40ibD67idPIbKyj1VfVMp5AvDqVFh8lh4BAiNIQ7SDCrAOfN/KYfDHSIhNhMhGKC7giXj0PesGm14DVIMJo10nd3mEgEA7oTBouBkECGh9n4WpUrm2VazCxUtQsRUGMxxBCNIQOY5C2S+UNjFU++A3mDoGMg0gaWtWw3CBUGDC5rkWiFgqVKCxFWDgbxBoEMrjTrPGOu4HwbKi7z6TuwlWE0GCRGLsVhFVpMCt0r2Vqo1TeibfpMVyLthslPX2mySgFLK/GgxHPsKd3iLSQlM0TdJCUk/Q73D77qKfX5e4ZGLU6XeYhd28wTC4uxYDjk9z2TiqZjq+n5tOb8Y2tRHozkd5IpNLxVGohmfy49im2sjq3tr6QyawfHe0Bf37/ur4uFIvfisWzYvH8e/G8WDgrFE4LV6eFy/xVhYv85UXFVNrLn9c/gHL5X7n8t1Qqlx51d3d3+6CbmwduH7m5j0o3t6X/kvJqUp7FvOIAAAAASUVORK5CYII=",
  "aspectRatio": 0.9826589595375722,
  "transform": null,
  "faces": [
    {
      "id": "0x32914aacd2bb8d8b-39-27",
      "faceId": "1f6e9cf6-0fc1-4c85-b66f-a76c1c26be46",
      "rect": {
        "top": 0.2395087,
        "left": 0.36145833,
        "width": 0.05989583,
        "height": 0.05885363,
        "center": {
          "x": 0.39140625,
          "y": 0.26893552
        }
      }
    },
    {
      "id": "0x32914aacd2bb8d8b-65-29",
      "faceId": "17da39f6-75a2-4db4-ba71-9936d634b178",
      "rect": {
        "top": 0.26100307,
        "left": 0.62239583,
        "width": 0.05416667,
        "height": 0.05322416,
        "center": {
          "x": 0.64947917,
          "y": 0.28761515
        }
      }
    },
    {
      "id": "0x32914aacd2bb8d8b-36-35",
      "faceId": "c3169e5f-ed54-4b60-841a-6f4ebb389888",
      "rect": {
        "top": 0.33316274,
        "left": 0.33645833,
        "width": 0.04322917,
        "height": 0.04247697,
        "center": {
          "x": 0.35807292,
          "y": 0.35440123
        }
      }
    },
    {
      "id": "0x32914aacd2bb8d8b-56-36",
      "faceId": "2a18c51f-a446-45f6-b047-707fa3481127",
      "rect": {
        "top": 0.33623337,
        "left": 0.54114583,
        "width": 0.0421875,
        "height": 0.04145343,
        "center": {
          "x": 0.56223958,
          "y": 0.35696009
        }
      }
    }
  ],
  "people": null,
  "date": null,
  "location": null
}
