{
  "id": "0x2c934864b2db0db7",
  "base64": "data:image/png;base64,iVBORw0KGgoAAAANSUhEUgAAABAAAAAQCAIAAACQkWg2AAAACXBIWXMAAAsSAAALEgHS3X78AAAC4ElEQVQoz2XIaU/aAADG8X6i7cV0zmPJ5g1ILQjKISuICHJIKbRyFqhyqCigFFbKAFHwRjJExSkKRJcs81h2fJ5h9nLJL//keYDyyenhUfFgf69Y3K+Uj88qpdPycaVcPD05Pq+UquefL6rlVs/PyudnlWr1AkgxybVQcDngXl8js8xqYTNayEa2M+FCNrybix4UqMOd+O7WRn5zI5+j9/fyQNDvtSBq46zEgcHRJVMqZk9Tjk/PtWUSjhzt2qRddBSnVvF4xJtJxQCXzayCx+DxPt3U8KJdRq3omIgpFUWZCJIMzzGRFkMsqIr6NbHQfJYJA/Z5ZEoKikd7lONvbQYo5FZsBGapZX1sSbceUFNLGnpFQ/kVVECVjMwXMuuAFUdgEVfA6hBz2vSyPuccn8Qki1YZOT/pxSRBuyzska8R0iipoFexfCYK4BZEKhgBe9t4718oeV2IfBCd5rSYplkW1Yhrjr9oES2YhT58cm0BYagQgKGICOJyuttHu18qwR4T3G9WDqKKPlTRi6uGCMOo2yjENWNmtchp1oaCPgBHUTEXYr/u5He+1vIHnBqQNIKkgU3qh/0mMIgJCeOEFuYpxAKtatpDuAErikpGIParLl7HGy00RGggvwlaMnGXUW7EJly1i11G0ZSYOw6BchnssDkBm9kiAXlDbZ2ctnaY9Q6RsewzHI92xDcHruDjAUyMzwql/EGIPSAVTVhxK0ASbtUHWDA8zO/vhXksrWwUVfLts0KPUeLH5aRFgWml8gmuRADOKOVetwegNii302XS6wxqFarXWFE9gRt9TkvIaw37nCsL9kUCs5n1VotxwUNQsThwdFTK5baTdDIRj39MJJI0nWaYrWxmZ2tzdzuXz2Vz2XQ6xbRSyBdKpTJQb3ytXTcvr+pfLm9armqN6+tmvX7bbN41Grc3181arXF1VW+djcbd7e034Pv9z/uHll8Pj79bHp/+/PP049n/8y9TT4koU2jndQAAAABJRU5ErkJggg==",
  "aspectRatio": 0.9818780889621087,
  "transform": null,
  "faces": [
    {
      "id": "0x2c934864b2db0db7-24-43",
      "faceId": "90ad5026-e059-473a-88fa-7bcdb1ad3024",
      "rect": {
        "top": 0.39641944,
        "left": 0.2046875,
        "width": 0.0609375,
        "height": 0.05984655,
        "center": {
          "x": 0.23515625,
          "y": 0.42634272
        }
      }
    },
    {
      "id": "0x2c934864b2db0db7-19-35",
      "faceId": "1dce5322-0a09-45a6-800e-0a5eef974837",
      "rect": {
        "top": 0.3258312,
        "left": 0.16302083,
        "width": 0.059375,
        "height": 0.05831202,
        "center": {
          "x": 0.19270833,
          "y": 0.35498721
        }
      }
    },
    {
      "id": "0x2c934864b2db0db7-88-42",
      "faceId": "84cdc39b-2b1c-4c8b-a9f0-5498d5aedfd6",
      "rect": {
        "top": 0.39028133,
        "left": 0.84791667,
        "width": 0.059375,
        "height": 0.05831202,
        "center": {
          "x": 0.87760417,
          "y": 0.41943734
        }
      }
    },
    {
      "id": "0x2c934864b2db0db7-80-42",
      "faceId": "3862ee43-eb56-4035-8c34-c1af83e482d7",
      "rect": {
        "top": 0.39795396,
        "left": 0.77239583,
        "width": 0.046875,
        "height": 0.04603581,
        "center": {
          "x": 0.79583333,
          "y": 0.42097187
        }
      }
    },
    {
      "id": "0x2c934864b2db0db7-28-36",
      "faceId": "e3b7cee2-c4c9-4611-ad10-801dccaa3de8",
      "rect": {
        "top": 0.34015345,
        "left": 0.25989583,
        "width": 0.04427083,
        "height": 0.04347826,
        "center": {
          "x": 0.28203125,
          "y": 0.36189258
        }
      }
    },
    {
      "id": "0x2c934864b2db0db7-67-31",
      "faceId": "8c3793d9-f3c0-4ea2-b00c-87bce26798ac",
      "rect": {
        "top": 0.29002558,
        "left": 0.64583333,
        "width": 0.040625,
        "height": 0.0398977,
        "center": {
          "x": 0.66614583,
          "y": 0.30997443
        }
      }
    },
    {
      "id": "0x2c934864b2db0db7-38-34",
      "faceId": "1020faca-2b92-457f-a877-880418f728a8",
      "rect": {
        "top": 0.31867008,
        "left": 0.36302083,
        "width": 0.0375,
        "height": 0.03682864,
        "center": {
          "x": 0.38177083,
          "y": 0.3370844
        }
      }
    },
    {
      "id": "0x2c934864b2db0db7-54-33",
      "faceId": "065a4630-910f-43f5-ad62-3fd267109ee5",
      "rect": {
        "top": 0.31764706,
        "left": 0.5203125,
        "width": 0.034375,
        "height": 0.03375959,
        "center": {
          "x": 0.5375,
          "y": 0.33452685
        }
      }
    }
  ],
  "people": null,
  "date": null,
  "location": null
}
